od_f,od_nf,in_degree_nf,out_degree_f,SCH_DEP_DTMZ_nf
GIGPTY,PTYADZ,12,34,1569941160000000000
ROSPTY,PTYADZ,12,22,1569941160000000000
LIMPTY,PTYADZ,12,23,1569941160000000000
VVIPTY,PTYADZ,12,23,1569941160000000000
GRUPTY,PTYADZ,12,24,1569941160000000000
MIAPTY,PTYADZ,12,20,1569941160000000000
JFKPTY,PTYADZ,12,17,1569941160000000000
LIMPTY,PTYADZ,12,26,1569941160000000000
LIMPTY,PTYADZ,12,22,1569941160000000000
SCLPTY,PTYADZ,12,19,1569941160000000000
SCLPTY,PTYADZ,12,19,1569941160000000000
GRUPTY,PTYADZ,12,27,1569941160000000000
SJOPTY,PTYASU,25,20,1569964680000000000
CLOPTY,PTYASU,25,22,1569964680000000000
SFOPTY,PTYASU,25,26,1569964680000000000
CUNPTY,PTYASU,25,21,1569964680000000000
BOGPTY,PTYASU,25,24,1569964680000000000
JFKPTY,PTYASU,25,22,1569964680000000000
SDQPTY,PTYASU,25,20,1569964680000000000
BOSPTY,PTYASU,25,25,1569964680000000000
TGUPTY,PTYASU,25,14,1569964680000000000
MCOPTY,PTYASU,25,19,1569964680000000000
UIOPTY,PTYASU,25,26,1569964680000000000
IADPTY,PTYASU,25,21,1569964680000000000
GUAPTY,PTYASU,25,14,1569964680000000000
MIAPTY,PTYASU,25,17,1569964680000000000
YYZPTY,PTYASU,25,25,1569964680000000000
CCSPTY,PTYASU,25,19,1569964680000000000
CTGPTY,PTYASU,25,20,1569964680000000000
CUNPTY,PTYASU,25,18,1569964680000000000
SJUPTY,PTYASU,25,24,1569964680000000000
MEXPTY,PTYASU,25,23,1569964680000000000
ORDPTY,PTYASU,25,27,1569964680000000000
SALPTY,PTYASU,25,17,1569964680000000000
HAVPTY,PTYASU,25,23,1569964680000000000
YULPTY,PTYASU,25,21,1569964680000000000
MIAPTY,PTYASU,25,14,1569964680000000000
MDEPTY,PTYAUA,23,23,1569939360000000000
BSBPTY,PTYAUA,23,25,1569939360000000000
SDQPTY,PTYAUA,23,24,1569939360000000000
BOGPTY,PTYAUA,23,18,1569939360000000000
POSPTY,PTYAUA,23,20,1569939360000000000
BAQPTY,PTYAUA,23,13,1569939360000000000
CNFPTY,PTYAUA,23,21,1569939360000000000
SJOPTY,PTYAUA,23,19,1569939360000000000
HAVPTY,PTYAUA,23,9,1569939360000000000
CLOPTY,PTYAUA,23,28,1569939360000000000
ROSPTY,PTYAUA,23,22,1569939360000000000
MDZPTY,PTYAUA,23,23,1569939360000000000
CCSPTY,PTYAUA,23,22,1569939360000000000
EZEPTY,PTYAUA,23,31,1569939360000000000
CORPTY,PTYAUA,23,26,1569939360000000000
ASUPTY,PTYAUA,23,21,1569939360000000000
SJUPTY,PTYAUA,23,24,1569939360000000000
LIMPTY,PTYAUA,23,26,1569939360000000000
MVDPTY,PTYAUA,23,22,1569939360000000000
LIMPTY,PTYAUA,23,22,1569939360000000000
POAPTY,PTYAUA,23,24,1569939360000000000
SCLPTY,PTYAUA,23,19,1569939360000000000
GRUPTY,PTYAUA,23,27,1569939360000000000
GRUPTY,PTYBAQ,10,25,1569947040000000000
SFOPTY,PTYBAQ,10,26,1569947040000000000
EZEPTY,PTYBAQ,10,22,1569947040000000000
SJOPTY,PTYBAQ,10,18,1569947040000000000
SCLPTY,PTYBAQ,10,21,1569947040000000000
SCLPTY,PTYBAQ,10,23,1569947040000000000
SJUPTY,PTYBAQ,10,24,1569947040000000000
MEXPTY,PTYBAQ,10,27,1569947040000000000
MIAPTY,PTYBAQ,10,14,1569947040000000000
GRUPTY,PTYBAQ,10,27,1569947040000000000
SJOPTY,PTYBOG,17,16,1569939840000000000
BSBPTY,PTYBOG,17,25,1569939840000000000
SDQPTY,PTYBOG,17,24,1569939840000000000
CNFPTY,PTYBOG,17,21,1569939840000000000
SJOPTY,PTYBOG,17,19,1569939840000000000
GIGPTY,PTYBOG,17,34,1569939840000000000
VVIPTY,PTYBOG,17,23,1569939840000000000
UIOPTY,PTYBOG,17,26,1569939840000000000
CCSPTY,PTYBOG,17,22,1569939840000000000
CORPTY,PTYBOG,17,26,1569939840000000000
ASUPTY,PTYBOG,17,21,1569939840000000000
MIAPTY,PTYBOG,17,20,1569939840000000000
SJUPTY,PTYBOG,17,24,1569939840000000000
JFKPTY,PTYBOG,17,17,1569939840000000000
POAPTY,PTYBOG,17,24,1569939840000000000
SCLPTY,PTYBOG,17,19,1569939840000000000
GRUPTY,PTYBOG,17,27,1569939840000000000
SFOPTY,PTYBOG,19,26,1569948540000000000
POSPTY,PTYBOG,19,20,1569948540000000000
LASPTY,PTYBOG,19,27,1569948540000000000
EZEPTY,PTYBOG,19,22,1569948540000000000
SJOPTY,PTYBOG,19,18,1569948540000000000
SDQPTY,PTYBOG,19,22,1569948540000000000
CUNPTY,PTYBOG,19,21,1569948540000000000
MTYPTY,PTYBOG,19,20,1569948540000000000
SCLPTY,PTYBOG,19,23,1569948540000000000
CCSPTY,PTYBOG,19,22,1569948540000000000
HAVPTY,PTYBOG,19,6,1569948540000000000
GDLPTY,PTYBOG,19,18,1569948540000000000
SJOPTY,PTYBOG,19,12,1569948540000000000
LIMPTY,PTYBOG,19,26,1569948540000000000
MSYPTY,PTYBOG,19,17,1569948540000000000
SALPTY,PTYBOG,19,17,1569948540000000000
MEXPTY,PTYBOG,19,27,1569948540000000000
GUAPTY,PTYBOG,19,19,1569948540000000000
MIAPTY,PTYBOG,19,14,1569948540000000000
SJOPTY,PTYBOG,21,20,1569961800000000000
GRUPTY,PTYBOG,21,25,1569961800000000000
DAVPTY,PTYBOG,21,12,1569961800000000000
MGAPTY,PTYBOG,21,14,1569961800000000000
CUNPTY,PTYBOG,21,21,1569961800000000000
JFKPTY,PTYBOG,21,22,1569961800000000000
SDQPTY,PTYBOG,21,20,1569961800000000000
BOSPTY,PTYBOG,21,25,1569961800000000000
TGUPTY,PTYBOG,21,14,1569961800000000000
MCOPTY,PTYBOG,21,19,1569961800000000000
IADPTY,PTYBOG,21,21,1569961800000000000
GUAPTY,PTYBOG,21,14,1569961800000000000
MIAPTY,PTYBOG,21,17,1569961800000000000
YYZPTY,PTYBOG,21,25,1569961800000000000
AUAPTY,PTYBOG,21,16,1569961800000000000
CCSPTY,PTYBOG,21,19,1569961800000000000
CUNPTY,PTYBOG,21,18,1569961800000000000
ORDPTY,PTYBOG,21,27,1569961800000000000
HAVPTY,PTYBOG,21,23,1569961800000000000
YULPTY,PTYBOG,21,21,1569961800000000000
ASUPTY,PTYBOG,21,14,1569961800000000000
SFOPTY,PTYBOG,14,26,1569962940000000000
SJOPTY,PTYBOG,14,13,1569962940000000000
CUNPTY,PTYBOG,14,21,1569962940000000000
BOSPTY,PTYBOG,14,25,1569962940000000000
SNUPTY,PTYBOG,14,16,1569962940000000000
CUNPTY,PTYBOG,14,21,1569962940000000000
TGUPTY,PTYBOG,14,14,1569962940000000000
MCOPTY,PTYBOG,14,19,1569962940000000000
IADPTY,PTYBOG,14,21,1569962940000000000
GUAPTY,PTYBOG,14,14,1569962940000000000
GDLPTY,PTYBOG,14,18,1569962940000000000
CCSPTY,PTYBOG,14,19,1569962940000000000
MEXPTY,PTYBOG,14,23,1569962940000000000
ORDPTY,PTYBOG,14,27,1569962940000000000
HAVPTY,PTYBOG,26,8,1569972660000000000
SCLPTY,PTYBOG,26,12,1569972660000000000
PUJPTY,PTYBOG,26,10,1569972660000000000
GUAPTY,PTYBOG,26,9,1569972660000000000
SJOPTY,PTYBOG,26,13,1569972660000000000
GYEPTY,PTYBOG,26,9,1569972660000000000
SJOPTY,PTYBOG,26,13,1569972660000000000
MARPTY,PTYBOG,26,4,1569972660000000000
MIAPTY,PTYBOG,26,7,1569972660000000000
UIOPTY,PTYBOG,26,15,1569972660000000000
EZEPTY,PTYBOG,26,13,1569972660000000000
CUNPTY,PTYBOG,26,7,1569972660000000000
MGAPTY,PTYBOG,26,11,1569972660000000000
BZEPTY,PTYBOG,26,5,1569972660000000000
VLNPTY,PTYBOG,26,6,1569972660000000000
SJOPTY,PTYBOG,26,11,1569972660000000000
SDQPTY,PTYBOG,26,11,1569972660000000000
MEXPTY,PTYBOG,26,8,1569972660000000000
GIGPTY,PTYBOG,26,16,1569972660000000000
GRUPTY,PTYBOG,26,15,1569972660000000000
SAPPTY,PTYBOG,26,13,1569972660000000000
CCSPTY,PTYBOG,26,19,1569972660000000000
MCOPTY,PTYBOG,26,8,1569972660000000000
VVIPTY,PTYBOG,26,12,1569972660000000000
TPAPTY,PTYBOG,26,7,1569972660000000000
CUNPTY,PTYBOG,26,8,1569972660000000000
LIMPTY,PTYBOS,23,26,1569951180000000000
GYEPTY,PTYBOS,23,18,1569951180000000000
MDEPTY,PTYBOS,23,23,1569951180000000000
MDEPTY,PTYBOS,23,19,1569951180000000000
BSBPTY,PTYBOS,23,25,1569951180000000000
CLOPTY,PTYBOS,23,22,1569951180000000000
GRUPTY,PTYBOS,23,25,1569951180000000000
CTGPTY,PTYBOS,23,18,1569951180000000000
CNFPTY,PTYBOS,23,21,1569951180000000000
CLOPTY,PTYBOS,23,28,1569951180000000000
GIGPTY,PTYBOS,23,34,1569951180000000000
BOGPTY,PTYBOS,23,23,1569951180000000000
EZEPTY,PTYBOS,23,22,1569951180000000000
VVIPTY,PTYBOS,23,23,1569951180000000000
SJOPTY,PTYBOS,23,18,1569951180000000000
SCLPTY,PTYBOS,23,23,1569951180000000000
SJOPTY,PTYBOS,23,12,1569951180000000000
PEIPTY,PTYBOS,23,29,1569951180000000000
UIOPTY,PTYBOS,23,21,1569951180000000000
POAPTY,PTYBOS,23,24,1569951180000000000
SALPTY,PTYBOS,23,17,1569951180000000000
GUAPTY,PTYBOS,23,19,1569951180000000000
ASUPTY,PTYBOS,23,14,1569951180000000000
SFOPTY,PTYBSB,24,26,1569962520000000000
SJOPTY,PTYBSB,24,13,1569962520000000000
POSPTY,PTYBSB,24,20,1569962520000000000
CTGPTY,PTYBSB,24,18,1569962520000000000
MBJPTY,PTYBSB,24,15,1569962520000000000
PAPPTY,PTYBSB,24,12,1569962520000000000
PUJPTY,PTYBSB,24,12,1569962520000000000
BOGPTY,PTYBSB,24,24,1569962520000000000
JFKPTY,PTYBSB,24,22,1569962520000000000
BOSPTY,PTYBSB,24,25,1569962520000000000
MCOPTY,PTYBSB,24,19,1569962520000000000
CURPTY,PTYBSB,24,21,1569962520000000000
IADPTY,PTYBSB,24,21,1569962520000000000
MIAPTY,PTYBSB,24,17,1569962520000000000
YYZPTY,PTYBSB,24,25,1569962520000000000
AUAPTY,PTYBSB,24,16,1569962520000000000
CUNPTY,PTYBSB,24,18,1569962520000000000
PEIPTY,PTYBSB,24,29,1569962520000000000
MEXPTY,PTYBSB,24,23,1569962520000000000
ORDPTY,PTYBSB,24,27,1569962520000000000
MSYPTY,PTYBSB,24,17,1569962520000000000
PUJPTY,PTYBSB,24,10,1569962520000000000
HAVPTY,PTYBSB,24,23,1569962520000000000
YULPTY,PTYBSB,24,21,1569962520000000000
GRUPTY,PTYBZE,9,25,1569948000000000000
POSPTY,PTYBZE,9,20,1569948000000000000
CTGPTY,PTYBZE,9,18,1569948000000000000
BAQPTY,PTYBZE,9,13,1569948000000000000
CCSPTY,PTYBZE,9,22,1569948000000000000
SJOPTY,PTYBZE,9,12,1569948000000000000
SJUPTY,PTYBZE,9,24,1569948000000000000
LIMPTY,PTYBZE,9,26,1569948000000000000
GRUPTY,PTYBZE,9,27,1569948000000000000
GYEPTY,PTYCCS,20,18,1569938280000000000
MDEPTY,PTYCCS,20,23,1569938280000000000
SDQPTY,PTYCCS,20,24,1569938280000000000
BOGPTY,PTYCCS,20,18,1569938280000000000
SJOPTY,PTYCCS,20,19,1569938280000000000
GIGPTY,PTYCCS,20,34,1569938280000000000
ROSPTY,PTYCCS,20,22,1569938280000000000
LIMPTY,PTYCCS,20,23,1569938280000000000
VVIPTY,PTYCCS,20,23,1569938280000000000
MDZPTY,PTYCCS,20,23,1569938280000000000
SCLPTY,PTYCCS,20,21,1569938280000000000
UIOPTY,PTYCCS,20,26,1569938280000000000
EZEPTY,PTYCCS,20,31,1569938280000000000
ASUPTY,PTYCCS,20,21,1569938280000000000
LIMPTY,PTYCCS,20,26,1569938280000000000
MVDPTY,PTYCCS,20,22,1569938280000000000
LIMPTY,PTYCCS,20,22,1569938280000000000
SCLPTY,PTYCCS,20,19,1569938280000000000
SCLPTY,PTYCCS,20,19,1569938280000000000
GRUPTY,PTYCCS,20,27,1569938280000000000
LIMPTY,PTYCCS,18,26,1569959760000000000
GYEPTY,PTYCCS,18,18,1569959760000000000
SJOPTY,PTYCCS,18,20,1569959760000000000
MDEPTY,PTYCCS,18,19,1569959760000000000
GRUPTY,PTYCCS,18,25,1569959760000000000
SJOPTY,PTYCCS,18,19,1569959760000000000
BOGPTY,PTYCCS,18,24,1569959760000000000
CUNPTY,PTYCCS,18,21,1569959760000000000
MTYPTY,PTYCCS,18,20,1569959760000000000
CORPTY,PTYCCS,18,26,1569959760000000000
HAVPTY,PTYCCS,18,12,1569959760000000000
MIAPTY,PTYCCS,18,17,1569959760000000000
YYZPTY,PTYCCS,18,25,1569959760000000000
SJOPTY,PTYCCS,18,12,1569959760000000000
MEXPTY,PTYCCS,18,23,1569959760000000000
SCLPTY,PTYCCS,18,19,1569959760000000000
MEXPTY,PTYCCS,18,27,1569959760000000000
YULPTY,PTYCCS,18,21,1569959760000000000
SFOPTY,PTYCIX,7,26,1569946860000000000
CUNPTY,PTYCIX,7,21,1569946860000000000
MIAPTY,PTYCIX,7,20,1569946860000000000
PEIPTY,PTYCIX,7,29,1569946860000000000
JFKPTY,PTYCIX,7,17,1569946860000000000
MSYPTY,PTYCIX,7,17,1569946860000000000
MIAPTY,PTYCIX,7,14,1569946860000000000
BSBPTY,PTYCLO,12,25,1569940980000000000
SDQPTY,PTYCLO,12,24,1569940980000000000
SJOPTY,PTYCLO,12,19,1569940980000000000
HAVPTY,PTYCLO,12,9,1569940980000000000
SCLPTY,PTYCLO,12,21,1569940980000000000
EZEPTY,PTYCLO,12,31,1569940980000000000
MIAPTY,PTYCLO,12,20,1569940980000000000
SJUPTY,PTYCLO,12,24,1569940980000000000
LIMPTY,PTYCLO,12,26,1569940980000000000
MVDPTY,PTYCLO,12,22,1569940980000000000
SCLPTY,PTYCLO,12,19,1569940980000000000
GRUPTY,PTYCLO,12,27,1569940980000000000
SFOPTY,PTYCLO,21,26,1569962280000000000
MBJPTY,PTYCLO,21,15,1569962280000000000
CUNPTY,PTYCLO,21,21,1569962280000000000
JFKPTY,PTYCLO,21,22,1569962280000000000
EZEPTY,PTYCLO,21,22,1569962280000000000
BOSPTY,PTYCLO,21,25,1569962280000000000
TGUPTY,PTYCLO,21,14,1569962280000000000
MCOPTY,PTYCLO,21,19,1569962280000000000
SCLPTY,PTYCLO,21,23,1569962280000000000
IADPTY,PTYCLO,21,21,1569962280000000000
GUAPTY,PTYCLO,21,14,1569962280000000000
MIAPTY,PTYCLO,21,17,1569962280000000000
YYZPTY,PTYCLO,21,25,1569962280000000000
GDLPTY,PTYCLO,21,18,1569962280000000000
CUNPTY,PTYCLO,21,18,1569962280000000000
MEXPTY,PTYCLO,21,23,1569962280000000000
ORDPTY,PTYCLO,21,27,1569962280000000000
MSYPTY,PTYCLO,21,17,1569962280000000000
MEXPTY,PTYCLO,21,27,1569962280000000000
YULPTY,PTYCLO,21,21,1569962280000000000
ASUPTY,PTYCLO,21,14,1569962280000000000
SCLPTY,PTYCLO,13,12,1569974160000000000
PUJPTY,PTYCLO,13,10,1569974160000000000
SALPTY,PTYCLO,13,12,1569974160000000000
UIOPTY,PTYCLO,13,15,1569974160000000000
CUNPTY,PTYCLO,13,7,1569974160000000000
MEXPTY,PTYCLO,13,8,1569974160000000000
CURPTY,PTYCLO,13,21,1569974160000000000
MVDPTY,PTYCLO,13,11,1569974160000000000
SAPPTY,PTYCLO,13,13,1569974160000000000
YYZPTY,PTYCLO,13,25,1569974160000000000
MCOPTY,PTYCLO,13,8,1569974160000000000
TPAPTY,PTYCLO,13,7,1569974160000000000
CUNPTY,PTYCLO,13,8,1569974160000000000
LASPTY,PTYCNF,18,27,1569962340000000000
PAPPTY,PTYCNF,18,12,1569962340000000000
PUJPTY,PTYCNF,18,12,1569962340000000000
BOGPTY,PTYCNF,18,24,1569962340000000000
JFKPTY,PTYCNF,18,22,1569962340000000000
SDQPTY,PTYCNF,18,20,1569962340000000000
BOSPTY,PTYCNF,18,25,1569962340000000000
MCOPTY,PTYCNF,18,19,1569962340000000000
MIAPTY,PTYCNF,18,17,1569962340000000000
YYZPTY,PTYCNF,18,25,1569962340000000000
AUAPTY,PTYCNF,18,16,1569962340000000000
CTGPTY,PTYCNF,18,20,1569962340000000000
CUNPTY,PTYCNF,18,18,1569962340000000000
PEIPTY,PTYCNF,18,29,1569962340000000000
ORDPTY,PTYCNF,18,27,1569962340000000000
PUJPTY,PTYCNF,18,10,1569962340000000000
HAVPTY,PTYCNF,18,23,1569962340000000000
YULPTY,PTYCNF,18,21,1569962340000000000
CTGPTY,PTYCOR,28,18,1569962700000000000
MBJPTY,PTYCOR,28,15,1569962700000000000
CUNPTY,PTYCOR,28,21,1569962700000000000
LASPTY,PTYCOR,28,27,1569962700000000000
PUJPTY,PTYCOR,28,12,1569962700000000000
BOGPTY,PTYCOR,28,24,1569962700000000000
SDQPTY,PTYCOR,28,20,1569962700000000000
SNUPTY,PTYCOR,28,16,1569962700000000000
MCOPTY,PTYCOR,28,19,1569962700000000000
MTYPTY,PTYCOR,28,20,1569962700000000000
UIOPTY,PTYCOR,28,26,1569962700000000000
CCSPTY,PTYCOR,28,22,1569962700000000000
CURPTY,PTYCOR,28,21,1569962700000000000
IADPTY,PTYCOR,28,21,1569962700000000000
HAVPTY,PTYCOR,28,12,1569962700000000000
GUAPTY,PTYCOR,28,14,1569962700000000000
YYZPTY,PTYCOR,28,25,1569962700000000000
MDEPTY,PTYCOR,28,19,1569962700000000000
AUAPTY,PTYCOR,28,16,1569962700000000000
CCSPTY,PTYCOR,28,19,1569962700000000000
CTGPTY,PTYCOR,28,20,1569962700000000000
CUNPTY,PTYCOR,28,18,1569962700000000000
MEXPTY,PTYCOR,28,23,1569962700000000000
BAQPTY,PTYCOR,28,14,1569962700000000000
PUJPTY,PTYCOR,28,10,1569962700000000000
MEXPTY,PTYCOR,28,27,1569962700000000000
HAVPTY,PTYCOR,28,23,1569962700000000000
YULPTY,PTYCOR,28,21,1569962700000000000
CNFPTY,PTYCTG,12,21,1569932940000000000
RECPTY,PTYCTG,12,17,1569932940000000000
GIGPTY,PTYCTG,12,34,1569932940000000000
ROSPTY,PTYCTG,12,22,1569932940000000000
LIMPTY,PTYCTG,12,23,1569932940000000000
VVIPTY,PTYCTG,12,23,1569932940000000000
SCLPTY,PTYCTG,12,21,1569932940000000000
EZEPTY,PTYCTG,12,31,1569932940000000000
CORPTY,PTYCTG,12,26,1569932940000000000
GRUPTY,PTYCTG,12,24,1569932940000000000
LIMPTY,PTYCTG,12,22,1569932940000000000
POAPTY,PTYCTG,12,24,1569932940000000000
LIMPTY,PTYCTG,23,26,1569946800000000000
GRUPTY,PTYCTG,23,25,1569946800000000000
SDQPTY,PTYCTG,23,24,1569946800000000000
SFOPTY,PTYCTG,23,26,1569946800000000000
SJOPTY,PTYCTG,23,19,1569946800000000000
RECPTY,PTYCTG,23,17,1569946800000000000
GIGPTY,PTYCTG,23,34,1569946800000000000
EZEPTY,PTYCTG,23,22,1569946800000000000
SJOPTY,PTYCTG,23,18,1569946800000000000
SDQPTY,PTYCTG,23,22,1569946800000000000
CUNPTY,PTYCTG,23,21,1569946800000000000
MDZPTY,PTYCTG,23,23,1569946800000000000
MTYPTY,PTYCTG,23,20,1569946800000000000
SCLPTY,PTYCTG,23,23,1569946800000000000
CCSPTY,PTYCTG,23,22,1569946800000000000
EZEPTY,PTYCTG,23,31,1569946800000000000
GDLPTY,PTYCTG,23,18,1569946800000000000
SJOPTY,PTYCTG,23,12,1569946800000000000
SJUPTY,PTYCTG,23,24,1569946800000000000
MSYPTY,PTYCTG,23,17,1569946800000000000
SCLPTY,PTYCTG,23,19,1569946800000000000
MEXPTY,PTYCTG,23,27,1569946800000000000
GUAPTY,PTYCTG,23,19,1569946800000000000
BSBPTY,PTYCUN,15,25,1569933360000000000
CNFPTY,PTYCUN,15,21,1569933360000000000
GIGPTY,PTYCUN,15,34,1569933360000000000
ROSPTY,PTYCUN,15,22,1569933360000000000
LIMPTY,PTYCUN,15,23,1569933360000000000
SCLPTY,PTYCUN,15,21,1569933360000000000
EZEPTY,PTYCUN,15,31,1569933360000000000
CORPTY,PTYCUN,15,26,1569933360000000000
ASUPTY,PTYCUN,15,21,1569933360000000000
GRUPTY,PTYCUN,15,24,1569933360000000000
MDEPTY,PTYCUN,15,22,1569933360000000000
UIOPTY,PTYCUN,15,21,1569933360000000000
MVDPTY,PTYCUN,15,22,1569933360000000000
LIMPTY,PTYCUN,15,22,1569933360000000000
SCLPTY,PTYCUN,15,19,1569933360000000000
GYEPTY,PTYCUN,20,18,1569933480000000000
SJOPTY,PTYCUN,20,16,1569933480000000000
BSBPTY,PTYCUN,20,25,1569933480000000000
CNFPTY,PTYCUN,20,21,1569933480000000000
CLOPTY,PTYCUN,20,28,1569933480000000000
GIGPTY,PTYCUN,20,34,1569933480000000000
ROSPTY,PTYCUN,20,22,1569933480000000000
LIMPTY,PTYCUN,20,23,1569933480000000000
SCLPTY,PTYCUN,20,21,1569933480000000000
EZEPTY,PTYCUN,20,31,1569933480000000000
CORPTY,PTYCUN,20,26,1569933480000000000
ASUPTY,PTYCUN,20,21,1569933480000000000
GRUPTY,PTYCUN,20,24,1569933480000000000
MDEPTY,PTYCUN,20,22,1569933480000000000
PEIPTY,PTYCUN,20,29,1569933480000000000
UIOPTY,PTYCUN,20,21,1569933480000000000
MVDPTY,PTYCUN,20,22,1569933480000000000
LIMPTY,PTYCUN,20,22,1569933480000000000
POAPTY,PTYCUN,20,24,1569933480000000000
SCLPTY,PTYCUN,20,19,1569933480000000000
GYEPTY,PTYCUN,18,18,1569941520000000000
MDEPTY,PTYCUN,18,23,1569941520000000000
SDQPTY,PTYCUN,18,24,1569941520000000000
BOGPTY,PTYCUN,18,18,1569941520000000000
POSPTY,PTYCUN,18,20,1569941520000000000
BAQPTY,PTYCUN,18,13,1569941520000000000
CLOPTY,PTYCUN,18,28,1569941520000000000
RECPTY,PTYCUN,18,17,1569941520000000000
GIGPTY,PTYCUN,18,34,1569941520000000000
UIOPTY,PTYCUN,18,26,1569941520000000000
CCSPTY,PTYCUN,18,22,1569941520000000000
EZEPTY,PTYCUN,18,31,1569941520000000000
GRUPTY,PTYCUN,18,24,1569941520000000000
MDEPTY,PTYCUN,18,22,1569941520000000000
SJUPTY,PTYCUN,18,24,1569941520000000000
LIMPTY,PTYCUN,18,26,1569941520000000000
MVDPTY,PTYCUN,18,22,1569941520000000000
GRUPTY,PTYCUN,18,27,1569941520000000000
GYEPTY,PTYCUN,18,18,1569941580000000000
MDEPTY,PTYCUN,18,23,1569941580000000000
BOGPTY,PTYCUN,18,18,1569941580000000000
POSPTY,PTYCUN,18,20,1569941580000000000
SJOPTY,PTYCUN,18,19,1569941580000000000
CLOPTY,PTYCUN,18,28,1569941580000000000
ROSPTY,PTYCUN,18,22,1569941580000000000
VVIPTY,PTYCUN,18,23,1569941580000000000
MDZPTY,PTYCUN,18,23,1569941580000000000
UIOPTY,PTYCUN,18,26,1569941580000000000
CORPTY,PTYCUN,18,26,1569941580000000000
GRUPTY,PTYCUN,18,24,1569941580000000000
MDEPTY,PTYCUN,18,22,1569941580000000000
SJUPTY,PTYCUN,18,24,1569941580000000000
LIMPTY,PTYCUN,18,26,1569941580000000000
LIMPTY,PTYCUN,18,22,1569941580000000000
POAPTY,PTYCUN,18,24,1569941580000000000
GRUPTY,PTYCUN,18,27,1569941580000000000
LIMPTY,PTYCUN,15,26,1569949920000000000
MDEPTY,PTYCUN,15,19,1569949920000000000
BSBPTY,PTYCUN,15,25,1569949920000000000
GRUPTY,PTYCUN,15,25,1569949920000000000
CTGPTY,PTYCUN,15,18,1569949920000000000
RECPTY,PTYCUN,15,17,1569949920000000000
BOGPTY,PTYCUN,15,23,1569949920000000000
EZEPTY,PTYCUN,15,22,1569949920000000000
HAVPTY,PTYCUN,15,18,1569949920000000000
SCLPTY,PTYCUN,15,23,1569949920000000000
MVDPTY,PTYCUN,15,22,1569949920000000000
LIMPTY,PTYCUN,15,22,1569949920000000000
SALPTY,PTYCUN,15,17,1569949920000000000
GUAPTY,PTYCUN,15,19,1569949920000000000
ASUPTY,PTYCUN,15,14,1569949920000000000
SDQPTY,PTYCUR,19,24,1569939180000000000
BOGPTY,PTYCUR,19,18,1569939180000000000
POSPTY,PTYCUR,19,20,1569939180000000000
CNFPTY,PTYCUR,19,21,1569939180000000000
HAVPTY,PTYCUR,19,9,1569939180000000000
CLOPTY,PTYCUR,19,28,1569939180000000000
GIGPTY,PTYCUR,19,34,1569939180000000000
ROSPTY,PTYCUR,19,22,1569939180000000000
CCSPTY,PTYCUR,19,22,1569939180000000000
CORPTY,PTYCUR,19,26,1569939180000000000
ASUPTY,PTYCUR,19,21,1569939180000000000
GRUPTY,PTYCUR,19,24,1569939180000000000
MIAPTY,PTYCUR,19,20,1569939180000000000
MDEPTY,PTYCUR,19,22,1569939180000000000
LIMPTY,PTYCUR,19,26,1569939180000000000
MVDPTY,PTYCUR,19,22,1569939180000000000
POAPTY,PTYCUR,19,24,1569939180000000000
SCLPTY,PTYCUR,19,19,1569939180000000000
GRUPTY,PTYCUR,19,27,1569939180000000000
LIMPTY,PTYDAV,3,23,1569933420000000000
MDEPTY,PTYDAV,3,22,1569933420000000000
JFKPTY,PTYDAV,3,17,1569933420000000000
LIMPTY,PTYDAV,13,26,1569963660000000000
MBJPTY,PTYDAV,13,15,1569963660000000000
CLOPTY,PTYDAV,13,28,1569963660000000000
GIGPTY,PTYDAV,13,34,1569963660000000000
BOGPTY,PTYDAV,13,24,1569963660000000000
MIAPTY,PTYDAV,13,17,1569963660000000000
MDEPTY,PTYDAV,13,22,1569963660000000000
MDEPTY,PTYDAV,13,19,1569963660000000000
BAQPTY,PTYDAV,13,14,1569963660000000000
MSYPTY,PTYDAV,13,17,1569963660000000000
SALPTY,PTYDAV,13,17,1569963660000000000
HAVPTY,PTYDAV,13,23,1569963660000000000
YULPTY,PTYDAV,13,21,1569963660000000000
GYEPTY,PTYEZE,25,18,1569959400000000000
SJOPTY,PTYEZE,25,20,1569959400000000000
MDEPTY,PTYEZE,25,23,1569959400000000000
ADZPTY,PTYEZE,25,11,1569959400000000000
SFOPTY,PTYEZE,25,26,1569959400000000000
DAVPTY,PTYEZE,25,12,1569959400000000000
CTGPTY,PTYEZE,25,18,1569959400000000000
MGAPTY,PTYEZE,25,14,1569959400000000000
CUNPTY,PTYEZE,25,21,1569959400000000000
LASPTY,PTYEZE,25,27,1569959400000000000
BOGPTY,PTYEZE,25,23,1569959400000000000
BOGPTY,PTYEZE,25,24,1569959400000000000
SDQPTY,PTYEZE,25,20,1569959400000000000
HAVPTY,PTYEZE,25,18,1569959400000000000
SDQPTY,PTYEZE,25,22,1569959400000000000
CUNPTY,PTYEZE,25,21,1569959400000000000
MTYPTY,PTYEZE,25,20,1569959400000000000
UIOPTY,PTYEZE,25,26,1569959400000000000
HAVPTY,PTYEZE,25,12,1569959400000000000
MIAPTY,PTYEZE,25,20,1569959400000000000
SJOPTY,PTYEZE,25,12,1569959400000000000
MEXPTY,PTYEZE,25,23,1569959400000000000
MEXPTY,PTYEZE,25,27,1569959400000000000
GUAPTY,PTYEZE,25,19,1569959400000000000
YULPTY,PTYEZE,25,21,1569959400000000000
SJOPTY,PTYEZE,27,20,1569964440000000000
CLOPTY,PTYEZE,27,22,1569964440000000000
ADZPTY,PTYEZE,27,11,1569964440000000000
SJOPTY,PTYEZE,27,13,1569964440000000000
MGAPTY,PTYEZE,27,14,1569964440000000000
MBJPTY,PTYEZE,27,15,1569964440000000000
CUNPTY,PTYEZE,27,21,1569964440000000000
JFKPTY,PTYEZE,27,22,1569964440000000000
SDQPTY,PTYEZE,27,20,1569964440000000000
HAVPTY,PTYEZE,27,18,1569964440000000000
BOSPTY,PTYEZE,27,25,1569964440000000000
SNUPTY,PTYEZE,27,16,1569964440000000000
CCSPTY,PTYEZE,27,22,1569964440000000000
HAVPTY,PTYEZE,27,12,1569964440000000000
GUAPTY,PTYEZE,27,14,1569964440000000000
MIAPTY,PTYEZE,27,17,1569964440000000000
YYZPTY,PTYEZE,27,25,1569964440000000000
GDLPTY,PTYEZE,27,18,1569964440000000000
AUAPTY,PTYEZE,27,16,1569964440000000000
CCSPTY,PTYEZE,27,19,1569964440000000000
CTGPTY,PTYEZE,27,20,1569964440000000000
PEIPTY,PTYEZE,27,29,1569964440000000000
MEXPTY,PTYEZE,27,23,1569964440000000000
ORDPTY,PTYEZE,27,27,1569964440000000000
BAQPTY,PTYEZE,27,14,1569964440000000000
MEXPTY,PTYEZE,27,27,1569964440000000000
HAVPTY,PTYEZE,27,23,1569964440000000000
LIMPTY,PTYFLL,18,26,1569947880000000000
MDEPTY,PTYFLL,18,23,1569947880000000000
GYEPTY,PTYFLL,18,18,1569947880000000000
MDEPTY,PTYFLL,18,19,1569947880000000000
CLOPTY,PTYFLL,18,22,1569947880000000000
GRUPTY,PTYFLL,18,25,1569947880000000000
BOGPTY,PTYFLL,18,18,1569947880000000000
CTGPTY,PTYFLL,18,18,1569947880000000000
BOGPTY,PTYFLL,18,23,1569947880000000000
LIMPTY,PTYFLL,18,23,1569947880000000000
SJOPTY,PTYFLL,18,18,1569947880000000000
SCLPTY,PTYFLL,18,23,1569947880000000000
UIOPTY,PTYFLL,18,26,1569947880000000000
PEIPTY,PTYFLL,18,29,1569947880000000000
UIOPTY,PTYFLL,18,21,1569947880000000000
LIMPTY,PTYFLL,18,26,1569947880000000000
POAPTY,PTYFLL,18,24,1569947880000000000
SCLPTY,PTYFLL,18,19,1569947880000000000
LIMPTY,PTYGDL,20,26,1569974040000000000
SJOPTY,PTYGDL,20,20,1569974040000000000
HAVPTY,PTYGDL,20,8,1569974040000000000
MDEPTY,PTYGDL,20,13,1569974040000000000
BSBPTY,PTYGDL,20,25,1569974040000000000
GRUPTY,PTYGDL,20,25,1569974040000000000
BOGPTY,PTYGDL,20,13,1569974040000000000
CLOPTY,PTYGDL,20,13,1569974040000000000
BOGPTY,PTYGDL,20,23,1569974040000000000
CIXPTY,PTYGDL,20,3,1569974040000000000
BOGPTY,PTYGDL,20,24,1569974040000000000
LIMPTY,PTYGDL,20,11,1569974040000000000
EZEPTY,PTYGDL,20,13,1569974040000000000
VLNPTY,PTYGDL,20,6,1569974040000000000
GIGPTY,PTYGDL,20,16,1569974040000000000
GRUPTY,PTYGDL,20,15,1569974040000000000
MDEPTY,PTYGDL,20,19,1569974040000000000
AUAPTY,PTYGDL,20,16,1569974040000000000
CCSPTY,PTYGDL,20,19,1569974040000000000
ASUPTY,PTYGDL,20,14,1569974040000000000
MDEPTY,PTYGEO,14,23,1569939240000000000
SJOPTY,PTYGEO,14,16,1569939240000000000
SDQPTY,PTYGEO,14,24,1569939240000000000
BOGPTY,PTYGEO,14,18,1569939240000000000
POSPTY,PTYGEO,14,20,1569939240000000000
HAVPTY,PTYGEO,14,9,1569939240000000000
GIGPTY,PTYGEO,14,34,1569939240000000000
LIMPTY,PTYGEO,14,23,1569939240000000000
CCSPTY,PTYGEO,14,22,1569939240000000000
PEIPTY,PTYGEO,14,29,1569939240000000000
JFKPTY,PTYGEO,14,17,1569939240000000000
LIMPTY,PTYGEO,14,26,1569939240000000000
MVDPTY,PTYGEO,14,22,1569939240000000000
GRUPTY,PTYGEO,14,27,1569939240000000000
SJOPTY,PTYGIG,28,20,1569960900000000000
GYEPTY,PTYGIG,28,18,1569960900000000000
MDEPTY,PTYGIG,28,19,1569960900000000000
ADZPTY,PTYGIG,28,11,1569960900000000000
SDQPTY,PTYGIG,28,24,1569960900000000000
BOGPTY,PTYGIG,28,18,1569960900000000000
SFOPTY,PTYGIG,28,26,1569960900000000000
CTGPTY,PTYGIG,28,18,1569960900000000000
CUNPTY,PTYGIG,28,21,1569960900000000000
CLOPTY,PTYGIG,28,28,1569960900000000000
PAPPTY,PTYGIG,28,12,1569960900000000000
BOGPTY,PTYGIG,28,24,1569960900000000000
JFKPTY,PTYGIG,28,22,1569960900000000000
BOSPTY,PTYGIG,28,25,1569960900000000000
SNUPTY,PTYGIG,28,16,1569960900000000000
MCOPTY,PTYGIG,28,19,1569960900000000000
MTYPTY,PTYGIG,28,20,1569960900000000000
UIOPTY,PTYGIG,28,26,1569960900000000000
MIAPTY,PTYGIG,28,20,1569960900000000000
YYZPTY,PTYGIG,28,25,1569960900000000000
MDEPTY,PTYGIG,28,19,1569960900000000000
CTGPTY,PTYGIG,28,20,1569960900000000000
PEIPTY,PTYGIG,28,29,1569960900000000000
MEXPTY,PTYGIG,28,23,1569960900000000000
ORDPTY,PTYGIG,28,27,1569960900000000000
MEXPTY,PTYGIG,28,27,1569960900000000000
HAVPTY,PTYGIG,28,23,1569960900000000000
YULPTY,PTYGIG,28,21,1569960900000000000
SJOPTY,PTYGRU,30,20,1569960360000000000
CLOPTY,PTYGRU,30,22,1569960360000000000
SFOPTY,PTYGRU,30,26,1569960360000000000
DAVPTY,PTYGRU,30,12,1569960360000000000
POSPTY,PTYGRU,30,20,1569960360000000000
CTGPTY,PTYGRU,30,18,1569960360000000000
BAQPTY,PTYGRU,30,13,1569960360000000000
LASPTY,PTYGRU,30,27,1569960360000000000
PUJPTY,PTYGRU,30,12,1569960360000000000
BOGPTY,PTYGRU,30,24,1569960360000000000
JFKPTY,PTYGRU,30,22,1569960360000000000
SDQPTY,PTYGRU,30,20,1569960360000000000
HAVPTY,PTYGRU,30,18,1569960360000000000
BOSPTY,PTYGRU,30,25,1569960360000000000
SDQPTY,PTYGRU,30,22,1569960360000000000
CUNPTY,PTYGRU,30,21,1569960360000000000
MCOPTY,PTYGRU,30,19,1569960360000000000
MTYPTY,PTYGRU,30,20,1569960360000000000
CURPTY,PTYGRU,30,21,1569960360000000000
IADPTY,PTYGRU,30,21,1569960360000000000
GDLPTY,PTYGRU,30,18,1569960360000000000
MDEPTY,PTYGRU,30,19,1569960360000000000
AUAPTY,PTYGRU,30,16,1569960360000000000
CUNPTY,PTYGRU,30,18,1569960360000000000
MEXPTY,PTYGRU,30,23,1569960360000000000
ORDPTY,PTYGRU,30,27,1569960360000000000
MSYPTY,PTYGRU,30,17,1569960360000000000
SALPTY,PTYGRU,30,17,1569960360000000000
MEXPTY,PTYGRU,30,27,1569960360000000000
GUAPTY,PTYGRU,30,19,1569960360000000000
SJOPTY,PTYGRU,23,20,1569961020000000000
ADZPTY,PTYGRU,23,11,1569961020000000000
SFOPTY,PTYGRU,23,26,1569961020000000000
CUNPTY,PTYGRU,23,21,1569961020000000000
LASPTY,PTYGRU,23,27,1569961020000000000
PAPPTY,PTYGRU,23,12,1569961020000000000
PUJPTY,PTYGRU,23,12,1569961020000000000
JFKPTY,PTYGRU,23,22,1569961020000000000
HAVPTY,PTYGRU,23,18,1569961020000000000
BOSPTY,PTYGRU,23,25,1569961020000000000
MTYPTY,PTYGRU,23,20,1569961020000000000
CURPTY,PTYGRU,23,21,1569961020000000000
YYZPTY,PTYGRU,23,25,1569961020000000000
GDLPTY,PTYGRU,23,18,1569961020000000000
MDEPTY,PTYGRU,23,19,1569961020000000000
CCSPTY,PTYGRU,23,19,1569961020000000000
CTGPTY,PTYGRU,23,20,1569961020000000000
CUNPTY,PTYGRU,23,18,1569961020000000000
MEXPTY,PTYGRU,23,23,1569961020000000000
ORDPTY,PTYGRU,23,27,1569961020000000000
PUJPTY,PTYGRU,23,10,1569961020000000000
MEXPTY,PTYGRU,23,27,1569961020000000000
YULPTY,PTYGRU,23,21,1569961020000000000
GYEPTY,PTYGRU,30,18,1569961380000000000
SJOPTY,PTYGRU,30,20,1569961380000000000
CLOPTY,PTYGRU,30,22,1569961380000000000
MBJPTY,PTYGRU,30,15,1569961380000000000
CUNPTY,PTYGRU,30,21,1569961380000000000
LASPTY,PTYGRU,30,27,1569961380000000000
BOGPTY,PTYGRU,30,23,1569961380000000000
JFKPTY,PTYGRU,30,22,1569961380000000000
SDQPTY,PTYGRU,30,20,1569961380000000000
BOSPTY,PTYGRU,30,25,1569961380000000000
SDQPTY,PTYGRU,30,22,1569961380000000000
CUNPTY,PTYGRU,30,21,1569961380000000000
MCOPTY,PTYGRU,30,19,1569961380000000000
MTYPTY,PTYGRU,30,20,1569961380000000000
CURPTY,PTYGRU,30,21,1569961380000000000
MIAPTY,PTYGRU,30,17,1569961380000000000
MIAPTY,PTYGRU,30,20,1569961380000000000
YYZPTY,PTYGRU,30,25,1569961380000000000
GDLPTY,PTYGRU,30,18,1569961380000000000
MDEPTY,PTYGRU,30,19,1569961380000000000
AUAPTY,PTYGRU,30,16,1569961380000000000
CCSPTY,PTYGRU,30,19,1569961380000000000
CTGPTY,PTYGRU,30,20,1569961380000000000
MEXPTY,PTYGRU,30,23,1569961380000000000
ORDPTY,PTYGRU,30,27,1569961380000000000
PUJPTY,PTYGRU,30,10,1569961380000000000
MEXPTY,PTYGRU,30,27,1569961380000000000
HAVPTY,PTYGRU,30,23,1569961380000000000
YULPTY,PTYGRU,30,21,1569961380000000000
MIAPTY,PTYGRU,30,14,1569961380000000000
HAVPTY,PTYGRU,29,8,1569972000000000000
MDEPTY,PTYGRU,29,13,1569972000000000000
PUJPTY,PTYGRU,29,10,1569972000000000000
SFOPTY,PTYGRU,29,26,1569972000000000000
SALPTY,PTYGRU,29,12,1569972000000000000
GYEPTY,PTYGRU,29,9,1569972000000000000
SJOPTY,PTYGRU,29,13,1569972000000000000
BOGPTY,PTYGRU,29,13,1569972000000000000
MIAPTY,PTYGRU,29,7,1569972000000000000
LASPTY,PTYGRU,29,27,1569972000000000000
PAPPTY,PTYGRU,29,12,1569972000000000000
UIOPTY,PTYGRU,29,15,1569972000000000000
CLOPTY,PTYGRU,29,13,1569972000000000000
BOGPTY,PTYGRU,29,24,1569972000000000000
SNUPTY,PTYGRU,29,16,1569972000000000000
BZEPTY,PTYGRU,29,5,1569972000000000000
TGUPTY,PTYGRU,29,14,1569972000000000000
SJOPTY,PTYGRU,29,11,1569972000000000000
SDQPTY,PTYGRU,29,11,1569972000000000000
CURPTY,PTYGRU,29,21,1569972000000000000
GUAPTY,PTYGRU,29,14,1569972000000000000
YYZPTY,PTYGRU,29,25,1569972000000000000
GDLPTY,PTYGRU,29,18,1569972000000000000
CTGPTY,PTYGRU,29,20,1569972000000000000
CUNPTY,PTYGRU,29,18,1569972000000000000
MCOPTY,PTYGRU,29,8,1569972000000000000
ORDPTY,PTYGRU,29,27,1569972000000000000
TPAPTY,PTYGRU,29,7,1569972000000000000
CUNPTY,PTYGRU,29,8,1569972000000000000
MDEPTY,PTYGUA,6,23,1569941700000000000
SDQPTY,PTYGUA,6,24,1569941700000000000
BOGPTY,PTYGUA,6,18,1569941700000000000
SCLPTY,PTYGUA,6,21,1569941700000000000
PEIPTY,PTYGUA,6,29,1569941700000000000
JFKPTY,PTYGUA,6,17,1569941700000000000
MDEPTY,PTYGUA,12,19,1569947700000000000
CLOPTY,PTYGUA,12,22,1569947700000000000
GRUPTY,PTYGUA,12,25,1569947700000000000
SFOPTY,PTYGUA,12,26,1569947700000000000
LASPTY,PTYGUA,12,27,1569947700000000000
BOGPTY,PTYGUA,12,23,1569947700000000000
EZEPTY,PTYGUA,12,22,1569947700000000000
HAVPTY,PTYGUA,12,18,1569947700000000000
SDQPTY,PTYGUA,12,22,1569947700000000000
SCLPTY,PTYGUA,12,23,1569947700000000000
UIOPTY,PTYGUA,12,26,1569947700000000000
MSYPTY,PTYGUA,12,17,1569947700000000000
MDEPTY,PTYGUA,29,13,1569972420000000000
SCLPTY,PTYGUA,29,12,1569972420000000000
PUJPTY,PTYGUA,29,10,1569972420000000000
SJOPTY,PTYGUA,29,13,1569972420000000000
BOGPTY,PTYGUA,29,13,1569972420000000000
MGAPTY,PTYGUA,29,14,1569972420000000000
MIAPTY,PTYGUA,29,7,1569972420000000000
CLOPTY,PTYGUA,29,13,1569972420000000000
BOGPTY,PTYGUA,29,23,1569972420000000000
JFKPTY,PTYGUA,29,22,1569972420000000000
LIMPTY,PTYGUA,29,11,1569972420000000000
EZEPTY,PTYGUA,29,13,1569972420000000000
CUNPTY,PTYGUA,29,7,1569972420000000000
MGAPTY,PTYGUA,29,11,1569972420000000000
BOSPTY,PTYGUA,29,25,1569972420000000000
SJOPTY,PTYGUA,29,11,1569972420000000000
SDQPTY,PTYGUA,29,11,1569972420000000000
GIGPTY,PTYGUA,29,16,1569972420000000000
CURPTY,PTYGUA,29,21,1569972420000000000
MVDPTY,PTYGUA,29,11,1569972420000000000
IADPTY,PTYGUA,29,21,1569972420000000000
GRUPTY,PTYGUA,29,15,1569972420000000000
YYZPTY,PTYGUA,29,25,1569972420000000000
CCSPTY,PTYGUA,29,19,1569972420000000000
CTGPTY,PTYGUA,29,20,1569972420000000000
MCOPTY,PTYGUA,29,8,1569972420000000000
ORDPTY,PTYGUA,29,27,1569972420000000000
BAQPTY,PTYGUA,29,14,1569972420000000000
YULPTY,PTYGUA,29,21,1569972420000000000
LIMPTY,PTYGYE,19,26,1569947400000000000
MDEPTY,PTYGYE,19,19,1569947400000000000
GRUPTY,PTYGYE,19,25,1569947400000000000
SFOPTY,PTYGYE,19,26,1569947400000000000
LASPTY,PTYGYE,19,27,1569947400000000000
EZEPTY,PTYGYE,19,22,1569947400000000000
HAVPTY,PTYGYE,19,18,1569947400000000000
SDQPTY,PTYGYE,19,22,1569947400000000000
CUNPTY,PTYGYE,19,21,1569947400000000000
SCLPTY,PTYGYE,19,23,1569947400000000000
HAVPTY,PTYGYE,19,6,1569947400000000000
MIAPTY,PTYGYE,19,20,1569947400000000000
GDLPTY,PTYGYE,19,18,1569947400000000000
JFKPTY,PTYGYE,19,17,1569947400000000000
MSYPTY,PTYGYE,19,17,1569947400000000000
SALPTY,PTYGYE,19,17,1569947400000000000
MEXPTY,PTYGYE,19,27,1569947400000000000
GUAPTY,PTYGYE,19,19,1569947400000000000
MIAPTY,PTYGYE,19,14,1569947400000000000
SJOPTY,PTYGYE,16,20,1569961320000000000
MBJPTY,PTYGYE,16,15,1569961320000000000
JFKPTY,PTYGYE,16,22,1569961320000000000
SDQPTY,PTYGYE,16,20,1569961320000000000
BOSPTY,PTYGYE,16,25,1569961320000000000
SNUPTY,PTYGYE,16,16,1569961320000000000
MCOPTY,PTYGYE,16,19,1569961320000000000
IADPTY,PTYGYE,16,21,1569961320000000000
MIAPTY,PTYGYE,16,17,1569961320000000000
YYZPTY,PTYGYE,16,25,1569961320000000000
AUAPTY,PTYGYE,16,16,1569961320000000000
CUNPTY,PTYGYE,16,18,1569961320000000000
MEXPTY,PTYGYE,16,23,1569961320000000000
ORDPTY,PTYGYE,16,27,1569961320000000000
HAVPTY,PTYGYE,16,23,1569961320000000000
ASUPTY,PTYGYE,16,14,1569961320000000000
GYEPTY,PTYHAV,18,18,1569933120000000000
SJOPTY,PTYHAV,18,16,1569933120000000000
CNFPTY,PTYHAV,18,21,1569933120000000000
CLOPTY,PTYHAV,18,28,1569933120000000000
RECPTY,PTYHAV,18,17,1569933120000000000
GIGPTY,PTYHAV,18,34,1569933120000000000
ROSPTY,PTYHAV,18,22,1569933120000000000
LIMPTY,PTYHAV,18,23,1569933120000000000
VVIPTY,PTYHAV,18,23,1569933120000000000
SCLPTY,PTYHAV,18,21,1569933120000000000
EZEPTY,PTYHAV,18,31,1569933120000000000
CORPTY,PTYHAV,18,26,1569933120000000000
GRUPTY,PTYHAV,18,24,1569933120000000000
MDEPTY,PTYHAV,18,22,1569933120000000000
UIOPTY,PTYHAV,18,21,1569933120000000000
MVDPTY,PTYHAV,18,22,1569933120000000000
LIMPTY,PTYHAV,18,22,1569933120000000000
SCLPTY,PTYHAV,18,19,1569933120000000000
GYEPTY,PTYHAV,15,18,1569934260000000000
BSBPTY,PTYHAV,15,25,1569934260000000000
CLOPTY,PTYHAV,15,28,1569934260000000000
GIGPTY,PTYHAV,15,34,1569934260000000000
ROSPTY,PTYHAV,15,22,1569934260000000000
LIMPTY,PTYHAV,15,23,1569934260000000000
MDZPTY,PTYHAV,15,23,1569934260000000000
SCLPTY,PTYHAV,15,21,1569934260000000000
EZEPTY,PTYHAV,15,31,1569934260000000000
CORPTY,PTYHAV,15,26,1569934260000000000
MDEPTY,PTYHAV,15,22,1569934260000000000
UIOPTY,PTYHAV,15,21,1569934260000000000
MVDPTY,PTYHAV,15,22,1569934260000000000
LIMPTY,PTYHAV,15,22,1569934260000000000
SCLPTY,PTYHAV,15,19,1569934260000000000
GYEPTY,PTYHAV,21,18,1569940080000000000
MDEPTY,PTYHAV,21,23,1569940080000000000
GYEPTY,PTYHAV,21,18,1569940080000000000
SJOPTY,PTYHAV,21,16,1569940080000000000
SDQPTY,PTYHAV,21,24,1569940080000000000
BOGPTY,PTYHAV,21,18,1569940080000000000
POSPTY,PTYHAV,21,20,1569940080000000000
SJOPTY,PTYHAV,21,19,1569940080000000000
RECPTY,PTYHAV,21,17,1569940080000000000
GIGPTY,PTYHAV,21,34,1569940080000000000
LIMPTY,PTYHAV,21,23,1569940080000000000
UIOPTY,PTYHAV,21,26,1569940080000000000
CCSPTY,PTYHAV,21,22,1569940080000000000
MIAPTY,PTYHAV,21,20,1569940080000000000
MDEPTY,PTYHAV,21,22,1569940080000000000
SJUPTY,PTYHAV,21,24,1569940080000000000
UIOPTY,PTYHAV,21,21,1569940080000000000
LIMPTY,PTYHAV,21,26,1569940080000000000
SCLPTY,PTYHAV,21,19,1569940080000000000
SCLPTY,PTYHAV,21,19,1569940080000000000
GRUPTY,PTYHAV,21,27,1569940080000000000
CLOPTY,PTYHAV,10,22,1569949440000000000
GRUPTY,PTYHAV,10,25,1569949440000000000
LASPTY,PTYHAV,10,27,1569949440000000000
BOGPTY,PTYHAV,10,23,1569949440000000000
EZEPTY,PTYHAV,10,22,1569949440000000000
SDQPTY,PTYHAV,10,22,1569949440000000000
SCLPTY,PTYHAV,10,23,1569949440000000000
SCLPTY,PTYHAV,10,19,1569949440000000000
MEXPTY,PTYHAV,10,27,1569949440000000000
GUAPTY,PTYHAV,10,19,1569949440000000000
SJOPTY,PTYHAV,20,20,1569962100000000000
GRUPTY,PTYHAV,20,25,1569962100000000000
SDQPTY,PTYHAV,20,24,1569962100000000000
DAVPTY,PTYHAV,20,12,1569962100000000000
MGAPTY,PTYHAV,20,14,1569962100000000000
CUNPTY,PTYHAV,20,21,1569962100000000000
LASPTY,PTYHAV,20,27,1569962100000000000
PAPPTY,PTYHAV,20,12,1569962100000000000
PUJPTY,PTYHAV,20,12,1569962100000000000
SDQPTY,PTYHAV,20,20,1569962100000000000
EZEPTY,PTYHAV,20,22,1569962100000000000
BOSPTY,PTYHAV,20,25,1569962100000000000
SDQPTY,PTYHAV,20,22,1569962100000000000
TGUPTY,PTYHAV,20,14,1569962100000000000
SCLPTY,PTYHAV,20,23,1569962100000000000
CURPTY,PTYHAV,20,21,1569962100000000000
MDEPTY,PTYHAV,20,19,1569962100000000000
CTGPTY,PTYHAV,20,20,1569962100000000000
ORDPTY,PTYHAV,20,27,1569962100000000000
LIMPTY,PTYHAV,20,26,1569962100000000000
GEOPTY,PTYHAV,18,7,1569972540000000000
SCLPTY,PTYHAV,18,12,1569972540000000000
GUAPTY,PTYHAV,18,9,1569972540000000000
CUNPTY,PTYHAV,18,21,1569972540000000000
UIOPTY,PTYHAV,18,15,1569972540000000000
CLOPTY,PTYHAV,18,13,1569972540000000000
CIXPTY,PTYHAV,18,3,1569972540000000000
EZEPTY,PTYHAV,18,13,1569972540000000000
MGAPTY,PTYHAV,18,11,1569972540000000000
BZEPTY,PTYHAV,18,5,1569972540000000000
SDQPTY,PTYHAV,18,11,1569972540000000000
GYEPTY,PTYHAV,18,10,1569972540000000000
SCLPTY,PTYHAV,18,23,1569972540000000000
GIGPTY,PTYHAV,18,16,1569972540000000000
MVDPTY,PTYHAV,18,11,1569972540000000000
SAPPTY,PTYHAV,18,13,1569972540000000000
VVIPTY,PTYHAV,18,12,1569972540000000000
CUNPTY,PTYHAV,18,8,1569972540000000000
GYEPTY,PTYIAD,20,18,1569939300000000000
MDEPTY,PTYIAD,20,23,1569939300000000000
BSBPTY,PTYIAD,20,25,1569939300000000000
BOGPTY,PTYIAD,20,18,1569939300000000000
BAQPTY,PTYIAD,20,13,1569939300000000000
SJOPTY,PTYIAD,20,19,1569939300000000000
CLOPTY,PTYIAD,20,28,1569939300000000000
GIGPTY,PTYIAD,20,34,1569939300000000000
ROSPTY,PTYIAD,20,22,1569939300000000000
LIMPTY,PTYIAD,20,23,1569939300000000000
VVIPTY,PTYIAD,20,23,1569939300000000000
MDZPTY,PTYIAD,20,23,1569939300000000000
UIOPTY,PTYIAD,20,26,1569939300000000000
ASUPTY,PTYIAD,20,21,1569939300000000000
MDEPTY,PTYIAD,20,22,1569939300000000000
PEIPTY,PTYIAD,20,29,1569939300000000000
UIOPTY,PTYIAD,20,21,1569939300000000000
LIMPTY,PTYIAD,20,26,1569939300000000000
LIMPTY,PTYIAD,20,22,1569939300000000000
GRUPTY,PTYIAD,20,27,1569939300000000000
GEOPTY,PTYIAD,27,7,1569973140000000000
LIMPTY,PTYIAD,27,26,1569973140000000000
HAVPTY,PTYIAD,27,8,1569973140000000000
MDEPTY,PTYIAD,27,13,1569973140000000000
SCLPTY,PTYIAD,27,12,1569973140000000000
SALPTY,PTYIAD,27,12,1569973140000000000
GUAPTY,PTYIAD,27,9,1569973140000000000
SJOPTY,PTYIAD,27,13,1569973140000000000
SJOPTY,PTYIAD,27,13,1569973140000000000
BOGPTY,PTYIAD,27,13,1569973140000000000
MGAPTY,PTYIAD,27,14,1569973140000000000
UIOPTY,PTYIAD,27,15,1569973140000000000
CLOPTY,PTYIAD,27,13,1569973140000000000
CIXPTY,PTYIAD,27,3,1569973140000000000
LIMPTY,PTYIAD,27,11,1569973140000000000
MGAPTY,PTYIAD,27,11,1569973140000000000
MDZPTY,PTYIAD,27,23,1569973140000000000
SJOPTY,PTYIAD,27,11,1569973140000000000
GYEPTY,PTYIAD,27,10,1569973140000000000
GIGPTY,PTYIAD,27,16,1569973140000000000
MVDPTY,PTYIAD,27,11,1569973140000000000
GRUPTY,PTYIAD,27,15,1569973140000000000
SAPPTY,PTYIAD,27,13,1569973140000000000
MDEPTY,PTYIAD,27,19,1569973140000000000
CTGPTY,PTYIAD,27,20,1569973140000000000
VVIPTY,PTYIAD,27,12,1569973140000000000
LIMPTY,PTYIAD,27,26,1569973140000000000
GYEPTY,PTYJFK,15,18,1569933600000000000
CNFPTY,PTYJFK,15,21,1569933600000000000
CLOPTY,PTYJFK,15,28,1569933600000000000
GIGPTY,PTYJFK,15,34,1569933600000000000
ROSPTY,PTYJFK,15,22,1569933600000000000
LIMPTY,PTYJFK,15,23,1569933600000000000
SCLPTY,PTYJFK,15,21,1569933600000000000
EZEPTY,PTYJFK,15,31,1569933600000000000
ASUPTY,PTYJFK,15,21,1569933600000000000
GRUPTY,PTYJFK,15,24,1569933600000000000
MDEPTY,PTYJFK,15,22,1569933600000000000
PEIPTY,PTYJFK,15,29,1569933600000000000
UIOPTY,PTYJFK,15,21,1569933600000000000
LIMPTY,PTYJFK,15,22,1569933600000000000
POAPTY,PTYJFK,15,24,1569933600000000000
GEOPTY,PTYJFK,31,7,1569971880000000000
LIMPTY,PTYJFK,31,26,1569971880000000000
MDEPTY,PTYJFK,31,13,1569971880000000000
SCLPTY,PTYJFK,31,12,1569971880000000000
CLOPTY,PTYJFK,31,22,1569971880000000000
BOGPTY,PTYJFK,31,18,1569971880000000000
SALPTY,PTYJFK,31,12,1569971880000000000
DAVPTY,PTYJFK,31,12,1569971880000000000
SJOPTY,PTYJFK,31,13,1569971880000000000
GYEPTY,PTYJFK,31,9,1569971880000000000
SJOPTY,PTYJFK,31,13,1569971880000000000
BOGPTY,PTYJFK,31,13,1569971880000000000
UIOPTY,PTYJFK,31,15,1569971880000000000
CLOPTY,PTYJFK,31,13,1569971880000000000
LIMPTY,PTYJFK,31,11,1569971880000000000
EZEPTY,PTYJFK,31,13,1569971880000000000
MGAPTY,PTYJFK,31,11,1569971880000000000
SJOPTY,PTYJFK,31,11,1569971880000000000
GYEPTY,PTYJFK,31,10,1569971880000000000
UIOPTY,PTYJFK,31,26,1569971880000000000
GIGPTY,PTYJFK,31,16,1569971880000000000
CURPTY,PTYJFK,31,21,1569971880000000000
MVDPTY,PTYJFK,31,11,1569971880000000000
ASUPTY,PTYJFK,31,21,1569971880000000000
GRUPTY,PTYJFK,31,15,1569971880000000000
CTGPTY,PTYJFK,31,20,1569971880000000000
PEIPTY,PTYJFK,31,29,1569971880000000000
VVIPTY,PTYJFK,31,12,1569971880000000000
BAQPTY,PTYJFK,31,14,1569971880000000000
ASUPTY,PTYJFK,31,14,1569971880000000000
GRUPTY,PTYJFK,31,27,1569971880000000000
LIMPTY,PTYLAS,27,26,1569971700000000000
GYEPTY,PTYLAS,27,18,1569971700000000000
MDEPTY,PTYLAS,27,13,1569971700000000000
SCLPTY,PTYLAS,27,12,1569971700000000000
PUJPTY,PTYLAS,27,10,1569971700000000000
SALPTY,PTYLAS,27,12,1569971700000000000
GUAPTY,PTYLAS,27,9,1569971700000000000
SJOPTY,PTYLAS,27,13,1569971700000000000
BOGPTY,PTYLAS,27,13,1569971700000000000
UIOPTY,PTYLAS,27,15,1569971700000000000
RECPTY,PTYLAS,27,17,1569971700000000000
LIMPTY,PTYLAS,27,11,1569971700000000000
EZEPTY,PTYLAS,27,13,1569971700000000000
MGAPTY,PTYLAS,27,11,1569971700000000000
SJOPTY,PTYLAS,27,11,1569971700000000000
GYEPTY,PTYLAS,27,10,1569971700000000000
UIOPTY,PTYLAS,27,26,1569971700000000000
GIGPTY,PTYLAS,27,16,1569971700000000000
CURPTY,PTYLAS,27,21,1569971700000000000
ASUPTY,PTYLAS,27,21,1569971700000000000
GRUPTY,PTYLAS,27,15,1569971700000000000
SAPPTY,PTYLAS,27,13,1569971700000000000
CTGPTY,PTYLAS,27,20,1569971700000000000
VVIPTY,PTYLAS,27,12,1569971700000000000
POAPTY,PTYLAS,27,24,1569971700000000000
HAVPTY,PTYLAS,27,23,1569971700000000000
ASUPTY,PTYLAS,27,14,1569971700000000000
GYEPTY,PTYLAX,20,18,1569933120000000000
SJOPTY,PTYLAX,20,16,1569933120000000000
BSBPTY,PTYLAX,20,25,1569933120000000000
CNFPTY,PTYLAX,20,21,1569933120000000000
CLOPTY,PTYLAX,20,28,1569933120000000000
GIGPTY,PTYLAX,20,34,1569933120000000000
ROSPTY,PTYLAX,20,22,1569933120000000000
LIMPTY,PTYLAX,20,23,1569933120000000000
VVIPTY,PTYLAX,20,23,1569933120000000000
SCLPTY,PTYLAX,20,21,1569933120000000000
EZEPTY,PTYLAX,20,31,1569933120000000000
CORPTY,PTYLAX,20,26,1569933120000000000
ASUPTY,PTYLAX,20,21,1569933120000000000
GRUPTY,PTYLAX,20,24,1569933120000000000
MDEPTY,PTYLAX,20,22,1569933120000000000
PEIPTY,PTYLAX,20,29,1569933120000000000
UIOPTY,PTYLAX,20,21,1569933120000000000
MVDPTY,PTYLAX,20,22,1569933120000000000
LIMPTY,PTYLAX,20,22,1569933120000000000
POAPTY,PTYLAX,20,24,1569933120000000000
LIMPTY,PTYLAX,24,26,1569950820000000000
GYEPTY,PTYLAX,24,18,1569950820000000000
MDEPTY,PTYLAX,24,23,1569950820000000000
MDEPTY,PTYLAX,24,19,1569950820000000000
CLOPTY,PTYLAX,24,22,1569950820000000000
GRUPTY,PTYLAX,24,25,1569950820000000000
POSPTY,PTYLAX,24,20,1569950820000000000
BAQPTY,PTYLAX,24,13,1569950820000000000
BOGPTY,PTYLAX,24,23,1569950820000000000
LIMPTY,PTYLAX,24,23,1569950820000000000
HAVPTY,PTYLAX,24,18,1569950820000000000
SJOPTY,PTYLAX,24,18,1569950820000000000
SDQPTY,PTYLAX,24,22,1569950820000000000
SCLPTY,PTYLAX,24,23,1569950820000000000
UIOPTY,PTYLAX,24,26,1569950820000000000
CORPTY,PTYLAX,24,26,1569950820000000000
HAVPTY,PTYLAX,24,6,1569950820000000000
GRUPTY,PTYLAX,24,24,1569950820000000000
SJOPTY,PTYLAX,24,12,1569950820000000000
LIMPTY,PTYLAX,24,22,1569950820000000000
POAPTY,PTYLAX,24,24,1569950820000000000
SALPTY,PTYLAX,24,17,1569950820000000000
GUAPTY,PTYLAX,24,19,1569950820000000000
GRUPTY,PTYLAX,24,27,1569950820000000000
MDEPTY,PTYLIM,12,23,1569938640000000000
SJOPTY,PTYLIM,12,16,1569938640000000000
BSBPTY,PTYLIM,12,25,1569938640000000000
SDQPTY,PTYLIM,12,24,1569938640000000000
CNFPTY,PTYLIM,12,21,1569938640000000000
SJOPTY,PTYLIM,12,19,1569938640000000000
GIGPTY,PTYLIM,12,34,1569938640000000000
CCSPTY,PTYLIM,12,22,1569938640000000000
MIAPTY,PTYLIM,12,20,1569938640000000000
SJUPTY,PTYLIM,12,24,1569938640000000000
PEIPTY,PTYLIM,12,29,1569938640000000000
JFKPTY,PTYLIM,12,17,1569938640000000000
SDQPTY,PTYLIM,18,24,1569947820000000000
SFOPTY,PTYLIM,18,26,1569947820000000000
POSPTY,PTYLIM,18,20,1569947820000000000
CTGPTY,PTYLIM,18,18,1569947820000000000
LASPTY,PTYLIM,18,27,1569947820000000000
BOGPTY,PTYLIM,18,23,1569947820000000000
SJOPTY,PTYLIM,18,18,1569947820000000000
SDQPTY,PTYLIM,18,22,1569947820000000000
CUNPTY,PTYLIM,18,21,1569947820000000000
MTYPTY,PTYLIM,18,20,1569947820000000000
HAVPTY,PTYLIM,18,6,1569947820000000000
MIAPTY,PTYLIM,18,20,1569947820000000000
GDLPTY,PTYLIM,18,18,1569947820000000000
SJUPTY,PTYLIM,18,24,1569947820000000000
MSYPTY,PTYLIM,18,17,1569947820000000000
MEXPTY,PTYLIM,18,27,1569947820000000000
GUAPTY,PTYLIM,18,19,1569947820000000000
MIAPTY,PTYLIM,18,14,1569947820000000000
ADZPTY,PTYLIM,24,11,1569962760000000000
DAVPTY,PTYLIM,24,12,1569962760000000000
SJOPTY,PTYLIM,24,13,1569962760000000000
MBJPTY,PTYLIM,24,15,1569962760000000000
CUNPTY,PTYLIM,24,21,1569962760000000000
JFKPTY,PTYLIM,24,22,1569962760000000000
SDQPTY,PTYLIM,24,20,1569962760000000000
BOSPTY,PTYLIM,24,25,1569962760000000000
SNUPTY,PTYLIM,24,16,1569962760000000000
TGUPTY,PTYLIM,24,14,1569962760000000000
MCOPTY,PTYLIM,24,19,1569962760000000000
IADPTY,PTYLIM,24,21,1569962760000000000
HAVPTY,PTYLIM,24,12,1569962760000000000
YYZPTY,PTYLIM,24,25,1569962760000000000
AUAPTY,PTYLIM,24,16,1569962760000000000
CCSPTY,PTYLIM,24,19,1569962760000000000
CTGPTY,PTYLIM,24,20,1569962760000000000
CUNPTY,PTYLIM,24,18,1569962760000000000
MEXPTY,PTYLIM,24,23,1569962760000000000
ORDPTY,PTYLIM,24,27,1569962760000000000
BAQPTY,PTYLIM,24,14,1569962760000000000
MEXPTY,PTYLIM,24,27,1569962760000000000
HAVPTY,PTYLIM,24,23,1569962760000000000
YULPTY,PTYLIM,24,21,1569962760000000000
GEOPTY,PTYLIM,24,7,1569973740000000000
HAVPTY,PTYLIM,24,8,1569973740000000000
MDEPTY,PTYLIM,24,13,1569973740000000000
PUJPTY,PTYLIM,24,10,1569973740000000000
ADZPTY,PTYLIM,24,11,1569973740000000000
GYEPTY,PTYLIM,24,9,1569973740000000000
MARPTY,PTYLIM,24,4,1569973740000000000
MIAPTY,PTYLIM,24,7,1569973740000000000
MBJPTY,PTYLIM,24,15,1569973740000000000
UIOPTY,PTYLIM,24,15,1569973740000000000
CUNPTY,PTYLIM,24,7,1569973740000000000
MGAPTY,PTYLIM,24,11,1569973740000000000
VLNPTY,PTYLIM,24,6,1569973740000000000
TGUPTY,PTYLIM,24,14,1569973740000000000
MCOPTY,PTYLIM,24,19,1569973740000000000
MEXPTY,PTYLIM,24,8,1569973740000000000
GIGPTY,PTYLIM,24,16,1569973740000000000
GRUPTY,PTYLIM,24,15,1569973740000000000
SAPPTY,PTYLIM,24,13,1569973740000000000
CTGPTY,PTYLIM,24,20,1569973740000000000
MCOPTY,PTYLIM,24,8,1569973740000000000
ORDPTY,PTYLIM,24,27,1569973740000000000
TPAPTY,PTYLIM,24,7,1569973740000000000
CUNPTY,PTYLIM,24,8,1569973740000000000
LIMPTY,PTYMAR,14,26,1569948060000000000
MDEPTY,PTYMAR,14,23,1569948060000000000
POSPTY,PTYMAR,14,20,1569948060000000000
SJOPTY,PTYMAR,14,19,1569948060000000000
BOGPTY,PTYMAR,14,23,1569948060000000000
EZEPTY,PTYMAR,14,22,1569948060000000000
SDQPTY,PTYMAR,14,22,1569948060000000000
CUNPTY,PTYMAR,14,21,1569948060000000000
MTYPTY,PTYMAR,14,20,1569948060000000000
SCLPTY,PTYMAR,14,23,1569948060000000000
UIOPTY,PTYMAR,14,26,1569948060000000000
EZEPTY,PTYMAR,14,31,1569948060000000000
MEXPTY,PTYMAR,14,27,1569948060000000000
SCLPTY,PTYMAR,14,19,1569948060000000000
MDEPTY,PTYMBJ,19,23,1569939900000000000
BSBPTY,PTYMBJ,19,25,1569939900000000000
SDQPTY,PTYMBJ,19,24,1569939900000000000
POSPTY,PTYMBJ,19,20,1569939900000000000
SJOPTY,PTYMBJ,19,19,1569939900000000000
HAVPTY,PTYMBJ,19,9,1569939900000000000
LIMPTY,PTYMBJ,19,23,1569939900000000000
MDZPTY,PTYMBJ,19,23,1569939900000000000
CORPTY,PTYMBJ,19,26,1569939900000000000
ASUPTY,PTYMBJ,19,21,1569939900000000000
MDEPTY,PTYMBJ,19,22,1569939900000000000
PEIPTY,PTYMBJ,19,29,1569939900000000000
JFKPTY,PTYMBJ,19,17,1569939900000000000
LIMPTY,PTYMBJ,19,26,1569939900000000000
MVDPTY,PTYMBJ,19,22,1569939900000000000
LIMPTY,PTYMBJ,19,22,1569939900000000000
SCLPTY,PTYMBJ,19,19,1569939900000000000
SCLPTY,PTYMBJ,19,19,1569939900000000000
GRUPTY,PTYMBJ,19,27,1569939900000000000
GYEPTY,PTYMCO,19,18,1569933900000000000
SJOPTY,PTYMCO,19,16,1569933900000000000
BSBPTY,PTYMCO,19,25,1569933900000000000
CNFPTY,PTYMCO,19,21,1569933900000000000
CLOPTY,PTYMCO,19,28,1569933900000000000
RECPTY,PTYMCO,19,17,1569933900000000000
GIGPTY,PTYMCO,19,34,1569933900000000000
LIMPTY,PTYMCO,19,23,1569933900000000000
VVIPTY,PTYMCO,19,23,1569933900000000000
MDZPTY,PTYMCO,19,23,1569933900000000000
EZEPTY,PTYMCO,19,31,1569933900000000000
ASUPTY,PTYMCO,19,21,1569933900000000000
GRUPTY,PTYMCO,19,24,1569933900000000000
MDEPTY,PTYMCO,19,22,1569933900000000000
PEIPTY,PTYMCO,19,29,1569933900000000000
UIOPTY,PTYMCO,19,21,1569933900000000000
MVDPTY,PTYMCO,19,22,1569933900000000000
LIMPTY,PTYMCO,19,22,1569933900000000000
POAPTY,PTYMCO,19,24,1569933900000000000
LIMPTY,PTYMCO,17,26,1569948120000000000
GYEPTY,PTYMCO,17,18,1569948120000000000
MDEPTY,PTYMCO,17,23,1569948120000000000
GYEPTY,PTYMCO,17,18,1569948120000000000
MDEPTY,PTYMCO,17,19,1569948120000000000
BSBPTY,PTYMCO,17,25,1569948120000000000
CLOPTY,PTYMCO,17,22,1569948120000000000
BOGPTY,PTYMCO,17,18,1569948120000000000
CLOPTY,PTYMCO,17,28,1569948120000000000
GIGPTY,PTYMCO,17,34,1569948120000000000
BOGPTY,PTYMCO,17,23,1569948120000000000
EZEPTY,PTYMCO,17,22,1569948120000000000
SJOPTY,PTYMCO,17,18,1569948120000000000
SJOPTY,PTYMCO,17,12,1569948120000000000
SALPTY,PTYMCO,17,17,1569948120000000000
SCLPTY,PTYMCO,17,19,1569948120000000000
GUAPTY,PTYMCO,17,19,1569948120000000000
GEOPTY,PTYMCO,22,7,1569972540000000000
SJOPTY,PTYMCO,22,20,1569972540000000000
GYEPTY,PTYMCO,22,18,1569972540000000000
MDEPTY,PTYMCO,22,13,1569972540000000000
PUJPTY,PTYMCO,22,10,1569972540000000000
SALPTY,PTYMCO,22,12,1569972540000000000
SJOPTY,PTYMCO,22,13,1569972540000000000
GYEPTY,PTYMCO,22,9,1569972540000000000
SJOPTY,PTYMCO,22,13,1569972540000000000
BOGPTY,PTYMCO,22,13,1569972540000000000
UIOPTY,PTYMCO,22,15,1569972540000000000
CLOPTY,PTYMCO,22,13,1569972540000000000
LIMPTY,PTYMCO,22,11,1569972540000000000
EZEPTY,PTYMCO,22,13,1569972540000000000
TGUPTY,PTYMCO,22,14,1569972540000000000
SJOPTY,PTYMCO,22,11,1569972540000000000
GYEPTY,PTYMCO,22,10,1569972540000000000
GRUPTY,PTYMCO,22,15,1569972540000000000
SAPPTY,PTYMCO,22,13,1569972540000000000
VVIPTY,PTYMCO,22,12,1569972540000000000
BAQPTY,PTYMCO,22,14,1569972540000000000
ASUPTY,PTYMCO,22,14,1569972540000000000
GYEPTY,PTYMDE,9,18,1569932580000000000
BSBPTY,PTYMDE,9,25,1569932580000000000
CNFPTY,PTYMDE,9,21,1569932580000000000
GIGPTY,PTYMDE,9,34,1569932580000000000
SCLPTY,PTYMDE,9,21,1569932580000000000
EZEPTY,PTYMDE,9,31,1569932580000000000
ASUPTY,PTYMDE,9,21,1569932580000000000
JFKPTY,PTYMDE,9,17,1569932580000000000
SCLPTY,PTYMDE,9,19,1569932580000000000
GYEPTY,PTYMDE,10,18,1569940620000000000
SJOPTY,PTYMDE,10,16,1569940620000000000
SDQPTY,PTYMDE,10,24,1569940620000000000
SJOPTY,PTYMDE,10,19,1569940620000000000
CCSPTY,PTYMDE,10,22,1569940620000000000
MIAPTY,PTYMDE,10,20,1569940620000000000
SJUPTY,PTYMDE,10,24,1569940620000000000
LIMPTY,PTYMDE,10,26,1569940620000000000
SCLPTY,PTYMDE,10,19,1569940620000000000
GRUPTY,PTYMDE,10,27,1569940620000000000
GRUPTY,PTYMDE,19,25,1569949320000000000
SFOPTY,PTYMDE,19,26,1569949320000000000
LASPTY,PTYMDE,19,27,1569949320000000000
EZEPTY,PTYMDE,19,22,1569949320000000000
HAVPTY,PTYMDE,19,18,1569949320000000000
SJOPTY,PTYMDE,19,18,1569949320000000000
CUNPTY,PTYMDE,19,21,1569949320000000000
SCLPTY,PTYMDE,19,23,1569949320000000000
CCSPTY,PTYMDE,19,22,1569949320000000000
GDLPTY,PTYMDE,19,18,1569949320000000000
SJOPTY,PTYMDE,19,12,1569949320000000000
SJUPTY,PTYMDE,19,24,1569949320000000000
MSYPTY,PTYMDE,19,17,1569949320000000000
SALPTY,PTYMDE,19,17,1569949320000000000
MEXPTY,PTYMDE,19,27,1569949320000000000
GUAPTY,PTYMDE,19,19,1569949320000000000
SCLPTY,PTYMDE,19,19,1569949320000000000
MIAPTY,PTYMDE,19,14,1569949320000000000
GRUPTY,PTYMDE,19,27,1569949320000000000
SJOPTY,PTYMDE,21,20,1569963960000000000
DAVPTY,PTYMDE,21,12,1569963960000000000
MGAPTY,PTYMDE,21,14,1569963960000000000
MBJPTY,PTYMDE,21,15,1569963960000000000
CUNPTY,PTYMDE,21,21,1569963960000000000
JFKPTY,PTYMDE,21,22,1569963960000000000
BOSPTY,PTYMDE,21,25,1569963960000000000
TGUPTY,PTYMDE,21,14,1569963960000000000
MCOPTY,PTYMDE,21,19,1569963960000000000
CURPTY,PTYMDE,21,21,1569963960000000000
IADPTY,PTYMDE,21,21,1569963960000000000
GUAPTY,PTYMDE,21,14,1569963960000000000
YYZPTY,PTYMDE,21,25,1569963960000000000
AUAPTY,PTYMDE,21,16,1569963960000000000
CCSPTY,PTYMDE,21,19,1569963960000000000
CUNPTY,PTYMDE,21,18,1569963960000000000
MEXPTY,PTYMDE,21,23,1569963960000000000
ORDPTY,PTYMDE,21,27,1569963960000000000
HAVPTY,PTYMDE,21,23,1569963960000000000
YULPTY,PTYMDE,21,21,1569963960000000000
ASUPTY,PTYMDE,21,14,1569963960000000000
LIMPTY,PTYMDE,20,26,1569973380000000000
PUJPTY,PTYMDE,20,10,1569973380000000000
SALPTY,PTYMDE,20,12,1569973380000000000
GUAPTY,PTYMDE,20,9,1569973380000000000
DAVPTY,PTYMDE,20,12,1569973380000000000
SJOPTY,PTYMDE,20,13,1569973380000000000
EZEPTY,PTYMDE,20,13,1569973380000000000
CUNPTY,PTYMDE,20,7,1569973380000000000
MGAPTY,PTYMDE,20,11,1569973380000000000
BOSPTY,PTYMDE,20,25,1569973380000000000
SDQPTY,PTYMDE,20,11,1569973380000000000
MEXPTY,PTYMDE,20,8,1569973380000000000
GIGPTY,PTYMDE,20,16,1569973380000000000
MVDPTY,PTYMDE,20,11,1569973380000000000
GRUPTY,PTYMDE,20,15,1569973380000000000
SAPPTY,PTYMDE,20,13,1569973380000000000
YYZPTY,PTYMDE,20,25,1569973380000000000
TPAPTY,PTYMDE,20,7,1569973380000000000
CUNPTY,PTYMDE,20,8,1569973380000000000
GRUPTY,PTYMDE,20,27,1569973380000000000
BSBPTY,PTYMEX,9,25,1569933780000000000
CNFPTY,PTYMEX,9,21,1569933780000000000
CLOPTY,PTYMEX,9,28,1569933780000000000
RECPTY,PTYMEX,9,17,1569933780000000000
GIGPTY,PTYMEX,9,34,1569933780000000000
VVIPTY,PTYMEX,9,23,1569933780000000000
EZEPTY,PTYMEX,9,31,1569933780000000000
UIOPTY,PTYMEX,9,21,1569933780000000000
POAPTY,PTYMEX,9,24,1569933780000000000
GYEPTY,PTYMEX,22,18,1569938820000000000
MDEPTY,PTYMEX,22,23,1569938820000000000
GYEPTY,PTYMEX,22,18,1569938820000000000
SJOPTY,PTYMEX,22,16,1569938820000000000
BSBPTY,PTYMEX,22,25,1569938820000000000
BOGPTY,PTYMEX,22,18,1569938820000000000
BAQPTY,PTYMEX,22,13,1569938820000000000
CNFPTY,PTYMEX,22,21,1569938820000000000
SJOPTY,PTYMEX,22,19,1569938820000000000
CLOPTY,PTYMEX,22,28,1569938820000000000
RECPTY,PTYMEX,22,17,1569938820000000000
GIGPTY,PTYMEX,22,34,1569938820000000000
VVIPTY,PTYMEX,22,23,1569938820000000000
UIOPTY,PTYMEX,22,26,1569938820000000000
CCSPTY,PTYMEX,22,22,1569938820000000000
EZEPTY,PTYMEX,22,31,1569938820000000000
CORPTY,PTYMEX,22,26,1569938820000000000
GRUPTY,PTYMEX,22,24,1569938820000000000
SJUPTY,PTYMEX,22,24,1569938820000000000
LIMPTY,PTYMEX,22,26,1569938820000000000
LIMPTY,PTYMEX,22,22,1569938820000000000
GRUPTY,PTYMEX,22,27,1569938820000000000
LIMPTY,PTYMEX,24,26,1569947940000000000
GYEPTY,PTYMEX,24,18,1569947940000000000
MDEPTY,PTYMEX,24,23,1569947940000000000
MDEPTY,PTYMEX,24,19,1569947940000000000
BSBPTY,PTYMEX,24,25,1569947940000000000
CLOPTY,PTYMEX,24,22,1569947940000000000
GRUPTY,PTYMEX,24,25,1569947940000000000
CTGPTY,PTYMEX,24,18,1569947940000000000
BAQPTY,PTYMEX,24,13,1569947940000000000
GIGPTY,PTYMEX,24,34,1569947940000000000
EZEPTY,PTYMEX,24,22,1569947940000000000
HAVPTY,PTYMEX,24,18,1569947940000000000
VVIPTY,PTYMEX,24,23,1569947940000000000
SJOPTY,PTYMEX,24,18,1569947940000000000
SDQPTY,PTYMEX,24,22,1569947940000000000
SCLPTY,PTYMEX,24,23,1569947940000000000
UIOPTY,PTYMEX,24,26,1569947940000000000
CCSPTY,PTYMEX,24,22,1569947940000000000
EZEPTY,PTYMEX,24,31,1569947940000000000
ASUPTY,PTYMEX,24,21,1569947940000000000
SJOPTY,PTYMEX,24,12,1569947940000000000
SJUPTY,PTYMEX,24,24,1569947940000000000
LIMPTY,PTYMEX,24,26,1569947940000000000
GRUPTY,PTYMEX,24,27,1569947940000000000
SDQPTY,PTYMGA,10,24,1569940680000000000
BAQPTY,PTYMGA,10,13,1569940680000000000
HAVPTY,PTYMGA,10,9,1569940680000000000
VVIPTY,PTYMGA,10,23,1569940680000000000
UIOPTY,PTYMGA,10,26,1569940680000000000
EZEPTY,PTYMGA,10,31,1569940680000000000
MIAPTY,PTYMGA,10,20,1569940680000000000
SJUPTY,PTYMGA,10,24,1569940680000000000
LIMPTY,PTYMGA,10,22,1569940680000000000
SCLPTY,PTYMGA,10,19,1569940680000000000
MDEPTY,PTYMGA,12,19,1569948240000000000
SFOPTY,PTYMGA,12,26,1569948240000000000
POSPTY,PTYMGA,12,20,1569948240000000000
CLOPTY,PTYMGA,12,28,1569948240000000000
LASPTY,PTYMGA,12,27,1569948240000000000
HAVPTY,PTYMGA,12,18,1569948240000000000
MIAPTY,PTYMGA,12,20,1569948240000000000
GDLPTY,PTYMGA,12,18,1569948240000000000
MSYPTY,PTYMGA,12,17,1569948240000000000
MEXPTY,PTYMGA,12,27,1569948240000000000
GUAPTY,PTYMGA,12,19,1569948240000000000
MIAPTY,PTYMGA,12,14,1569948240000000000
GEOPTY,PTYMGA,13,7,1569972840000000000
SCLPTY,PTYMGA,13,12,1569972840000000000
MIAPTY,PTYMGA,13,7,1569972840000000000
PAPPTY,PTYMGA,13,12,1569972840000000000
LIMPTY,PTYMGA,13,11,1569972840000000000
BOSPTY,PTYMGA,13,25,1569972840000000000
SDQPTY,PTYMGA,13,11,1569972840000000000
MEXPTY,PTYMGA,13,8,1569972840000000000
IADPTY,PTYMGA,13,21,1569972840000000000
MIAPTY,PTYMGA,13,17,1569972840000000000
MCOPTY,PTYMGA,13,8,1569972840000000000
YULPTY,PTYMGA,13,21,1569972840000000000
ASUPTY,PTYMGA,13,14,1569972840000000000
SJOPTY,PTYMIA,17,16,1569933840000000000
BSBPTY,PTYMIA,17,25,1569933840000000000
CNFPTY,PTYMIA,17,21,1569933840000000000
CLOPTY,PTYMIA,17,28,1569933840000000000
RECPTY,PTYMIA,17,17,1569933840000000000
GIGPTY,PTYMIA,17,34,1569933840000000000
VVIPTY,PTYMIA,17,23,1569933840000000000
MDZPTY,PTYMIA,17,23,1569933840000000000
SCLPTY,PTYMIA,17,21,1569933840000000000
EZEPTY,PTYMIA,17,31,1569933840000000000
CORPTY,PTYMIA,17,26,1569933840000000000
ASUPTY,PTYMIA,17,21,1569933840000000000
GRUPTY,PTYMIA,17,24,1569933840000000000
MDEPTY,PTYMIA,17,22,1569933840000000000
PEIPTY,PTYMIA,17,29,1569933840000000000
UIOPTY,PTYMIA,17,21,1569933840000000000
POAPTY,PTYMIA,17,24,1569933840000000000
LIMPTY,PTYMIA,20,26,1569950040000000000
GYEPTY,PTYMIA,20,18,1569950040000000000
MDEPTY,PTYMIA,20,19,1569950040000000000
CLOPTY,PTYMIA,20,22,1569950040000000000
GRUPTY,PTYMIA,20,25,1569950040000000000
BOGPTY,PTYMIA,20,18,1569950040000000000
BAQPTY,PTYMIA,20,13,1569950040000000000
RECPTY,PTYMIA,20,17,1569950040000000000
GIGPTY,PTYMIA,20,34,1569950040000000000
ROSPTY,PTYMIA,20,22,1569950040000000000
BOGPTY,PTYMIA,20,23,1569950040000000000
LIMPTY,PTYMIA,20,23,1569950040000000000
EZEPTY,PTYMIA,20,22,1569950040000000000
SJOPTY,PTYMIA,20,18,1569950040000000000
MDZPTY,PTYMIA,20,23,1569950040000000000
UIOPTY,PTYMIA,20,26,1569950040000000000
CORPTY,PTYMIA,20,26,1569950040000000000
ASUPTY,PTYMIA,20,21,1569950040000000000
UIOPTY,PTYMIA,20,21,1569950040000000000
GUAPTY,PTYMIA,20,19,1569950040000000000
GEOPTY,PTYMIA,21,7,1569972480000000000
MDEPTY,PTYMIA,21,13,1569972480000000000
SCLPTY,PTYMIA,21,12,1569972480000000000
SJOPTY,PTYMIA,21,13,1569972480000000000
SJOPTY,PTYMIA,21,13,1569972480000000000
BOGPTY,PTYMIA,21,13,1569972480000000000
CLOPTY,PTYMIA,21,28,1569972480000000000
UIOPTY,PTYMIA,21,15,1569972480000000000
CLOPTY,PTYMIA,21,13,1569972480000000000
BOGPTY,PTYMIA,21,24,1569972480000000000
EZEPTY,PTYMIA,21,22,1569972480000000000
LIMPTY,PTYMIA,21,11,1569972480000000000
EZEPTY,PTYMIA,21,13,1569972480000000000
GYEPTY,PTYMIA,21,10,1569972480000000000
GIGPTY,PTYMIA,21,16,1569972480000000000
CURPTY,PTYMIA,21,21,1569972480000000000
GRUPTY,PTYMIA,21,15,1569972480000000000
SAPPTY,PTYMIA,21,13,1569972480000000000
VVIPTY,PTYMIA,21,12,1569972480000000000
BAQPTY,PTYMIA,21,14,1569972480000000000
ASUPTY,PTYMIA,21,14,1569972480000000000
SJOPTY,PTYMVD,26,20,1569960960000000000
POSPTY,PTYMVD,26,20,1569960960000000000
MGAPTY,PTYMVD,26,14,1569960960000000000
HAVPTY,PTYMVD,26,9,1569960960000000000
MBJPTY,PTYMVD,26,15,1569960960000000000
CUNPTY,PTYMVD,26,21,1569960960000000000
BOGPTY,PTYMVD,26,24,1569960960000000000
JFKPTY,PTYMVD,26,22,1569960960000000000
SDQPTY,PTYMVD,26,20,1569960960000000000
BOSPTY,PTYMVD,26,25,1569960960000000000
SNUPTY,PTYMVD,26,16,1569960960000000000
CURPTY,PTYMVD,26,21,1569960960000000000
IADPTY,PTYMVD,26,21,1569960960000000000
HAVPTY,PTYMVD,26,12,1569960960000000000
GUAPTY,PTYMVD,26,14,1569960960000000000
MIAPTY,PTYMVD,26,17,1569960960000000000
YYZPTY,PTYMVD,26,25,1569960960000000000
MDEPTY,PTYMVD,26,19,1569960960000000000
AUAPTY,PTYMVD,26,16,1569960960000000000
CTGPTY,PTYMVD,26,20,1569960960000000000
CUNPTY,PTYMVD,26,18,1569960960000000000
MEXPTY,PTYMVD,26,23,1569960960000000000
ORDPTY,PTYMVD,26,27,1569960960000000000
PUJPTY,PTYMVD,26,10,1569960960000000000
MEXPTY,PTYMVD,26,27,1569960960000000000
HAVPTY,PTYMVD,26,23,1569960960000000000
GYEPTY,PTYORD,19,18,1569933300000000000
SJOPTY,PTYORD,19,16,1569933300000000000
BSBPTY,PTYORD,19,25,1569933300000000000
CNFPTY,PTYORD,19,21,1569933300000000000
CLOPTY,PTYORD,19,28,1569933300000000000
GIGPTY,PTYORD,19,34,1569933300000000000
ROSPTY,PTYORD,19,22,1569933300000000000
LIMPTY,PTYORD,19,23,1569933300000000000
VVIPTY,PTYORD,19,23,1569933300000000000
EZEPTY,PTYORD,19,31,1569933300000000000
ASUPTY,PTYORD,19,21,1569933300000000000
GRUPTY,PTYORD,19,24,1569933300000000000
MDEPTY,PTYORD,19,22,1569933300000000000
PEIPTY,PTYORD,19,29,1569933300000000000
UIOPTY,PTYORD,19,21,1569933300000000000
MVDPTY,PTYORD,19,22,1569933300000000000
LIMPTY,PTYORD,19,22,1569933300000000000
POAPTY,PTYORD,19,24,1569933300000000000
SCLPTY,PTYORD,19,19,1569933300000000000
MDEPTY,PTYORD,21,13,1569972600000000000
CLOPTY,PTYORD,21,22,1569972600000000000
SALPTY,PTYORD,21,12,1569972600000000000
GUAPTY,PTYORD,21,9,1569972600000000000
DAVPTY,PTYORD,21,12,1569972600000000000
CTGPTY,PTYORD,21,18,1569972600000000000
GYEPTY,PTYORD,21,9,1569972600000000000
SJOPTY,PTYORD,21,13,1569972600000000000
BOGPTY,PTYORD,21,13,1569972600000000000
UIOPTY,PTYORD,21,15,1569972600000000000
CLOPTY,PTYORD,21,13,1569972600000000000
BOGPTY,PTYORD,21,24,1569972600000000000
LIMPTY,PTYORD,21,11,1569972600000000000
MDZPTY,PTYORD,21,23,1569972600000000000
SJOPTY,PTYORD,21,11,1569972600000000000
GYEPTY,PTYORD,21,10,1569972600000000000
GIGPTY,PTYORD,21,16,1569972600000000000
CURPTY,PTYORD,21,21,1569972600000000000
GRUPTY,PTYORD,21,15,1569972600000000000
CTGPTY,PTYORD,21,20,1569972600000000000
BAQPTY,PTYORD,21,14,1569972600000000000
HAVPTY,PTYPAP,9,9,1569937500000000000
GIGPTY,PTYPAP,9,34,1569937500000000000
SCLPTY,PTYPAP,9,21,1569937500000000000
CORPTY,PTYPAP,9,26,1569937500000000000
MIAPTY,PTYPAP,9,20,1569937500000000000
MDEPTY,PTYPAP,9,22,1569937500000000000
SCLPTY,PTYPAP,9,19,1569937500000000000
SCLPTY,PTYPAP,9,19,1569937500000000000
GRUPTY,PTYPAP,9,27,1569937500000000000
SDQPTY,PTYPOA,20,24,1569961380000000000
SFOPTY,PTYPOA,20,26,1569961380000000000
CUNPTY,PTYPOA,20,21,1569961380000000000
PAPPTY,PTYPOA,20,12,1569961380000000000
PUJPTY,PTYPOA,20,12,1569961380000000000
JFKPTY,PTYPOA,20,22,1569961380000000000
SDQPTY,PTYPOA,20,20,1569961380000000000
CUNPTY,PTYPOA,20,21,1569961380000000000
TGUPTY,PTYPOA,20,14,1569961380000000000
MCOPTY,PTYPOA,20,19,1569961380000000000
GUAPTY,PTYPOA,20,14,1569961380000000000
MIAPTY,PTYPOA,20,17,1569961380000000000
MIAPTY,PTYPOA,20,20,1569961380000000000
YYZPTY,PTYPOA,20,25,1569961380000000000
GDLPTY,PTYPOA,20,18,1569961380000000000
SJUPTY,PTYPOA,20,24,1569961380000000000
ORDPTY,PTYPOA,20,27,1569961380000000000
PUJPTY,PTYPOA,20,10,1569961380000000000
LIMPTY,PTYPOA,20,22,1569961380000000000
YULPTY,PTYPOA,20,21,1569961380000000000
LIMPTY,PTYPOS,15,26,1569950760000000000
CTGPTY,PTYPOS,15,18,1569950760000000000
GIGPTY,PTYPOS,15,34,1569950760000000000
BOGPTY,PTYPOS,15,23,1569950760000000000
HAVPTY,PTYPOS,15,18,1569950760000000000
SJOPTY,PTYPOS,15,18,1569950760000000000
SDQPTY,PTYPOS,15,22,1569950760000000000
CUNPTY,PTYPOS,15,21,1569950760000000000
MDZPTY,PTYPOS,15,23,1569950760000000000
MTYPTY,PTYPOS,15,20,1569950760000000000
GDLPTY,PTYPOS,15,18,1569950760000000000
UIOPTY,PTYPOS,15,21,1569950760000000000
LIMPTY,PTYPOS,15,26,1569950760000000000
SALPTY,PTYPOS,15,17,1569950760000000000
GUAPTY,PTYPOS,15,19,1569950760000000000
SJOPTY,PTYPUJ,13,16,1569933600000000000
GIGPTY,PTYPUJ,13,34,1569933600000000000
ROSPTY,PTYPUJ,13,22,1569933600000000000
VVIPTY,PTYPUJ,13,23,1569933600000000000
MDZPTY,PTYPUJ,13,23,1569933600000000000
SCLPTY,PTYPUJ,13,21,1569933600000000000
EZEPTY,PTYPUJ,13,31,1569933600000000000
CORPTY,PTYPUJ,13,26,1569933600000000000
GRUPTY,PTYPUJ,13,24,1569933600000000000
UIOPTY,PTYPUJ,13,21,1569933600000000000
MVDPTY,PTYPUJ,13,22,1569933600000000000
POAPTY,PTYPUJ,13,24,1569933600000000000
SCLPTY,PTYPUJ,13,19,1569933600000000000
BSBPTY,PTYPUJ,9,25,1569934080000000000
LIMPTY,PTYPUJ,9,23,1569934080000000000
VVIPTY,PTYPUJ,9,23,1569934080000000000
MDZPTY,PTYPUJ,9,23,1569934080000000000
SCLPTY,PTYPUJ,9,21,1569934080000000000
EZEPTY,PTYPUJ,9,31,1569934080000000000
CORPTY,PTYPUJ,9,26,1569934080000000000
MVDPTY,PTYPUJ,9,22,1569934080000000000
POAPTY,PTYPUJ,9,24,1569934080000000000
GYEPTY,PTYPUJ,15,18,1569939000000000000
BOGPTY,PTYPUJ,15,18,1569939000000000000
SJOPTY,PTYPUJ,15,19,1569939000000000000
LIMPTY,PTYPUJ,15,23,1569939000000000000
VVIPTY,PTYPUJ,15,23,1569939000000000000
MDZPTY,PTYPUJ,15,23,1569939000000000000
UIOPTY,PTYPUJ,15,26,1569939000000000000
EZEPTY,PTYPUJ,15,31,1569939000000000000
CORPTY,PTYPUJ,15,26,1569939000000000000
GRUPTY,PTYPUJ,15,24,1569939000000000000
LIMPTY,PTYPUJ,15,26,1569939000000000000
MVDPTY,PTYPUJ,15,22,1569939000000000000
SCLPTY,PTYPUJ,15,19,1569939000000000000
SCLPTY,PTYPUJ,15,19,1569939000000000000
GRUPTY,PTYPUJ,15,27,1569939000000000000
LIMPTY,PTYPUJ,23,26,1569949860000000000
MDEPTY,PTYPUJ,23,19,1569949860000000000
BSBPTY,PTYPUJ,23,25,1569949860000000000
CLOPTY,PTYPUJ,23,22,1569949860000000000
GRUPTY,PTYPUJ,23,25,1569949860000000000
CNFPTY,PTYPUJ,23,21,1569949860000000000
LASPTY,PTYPUJ,23,27,1569949860000000000
ROSPTY,PTYPUJ,23,22,1569949860000000000
BOGPTY,PTYPUJ,23,23,1569949860000000000
EZEPTY,PTYPUJ,23,22,1569949860000000000
VVIPTY,PTYPUJ,23,23,1569949860000000000
CUNPTY,PTYPUJ,23,21,1569949860000000000
MDZPTY,PTYPUJ,23,23,1569949860000000000
MTYPTY,PTYPUJ,23,20,1569949860000000000
SCLPTY,PTYPUJ,23,23,1569949860000000000
CCSPTY,PTYPUJ,23,22,1569949860000000000
EZEPTY,PTYPUJ,23,31,1569949860000000000
CORPTY,PTYPUJ,23,26,1569949860000000000
GRUPTY,PTYPUJ,23,24,1569949860000000000
POAPTY,PTYPUJ,23,24,1569949860000000000
SALPTY,PTYPUJ,23,17,1569949860000000000
SCLPTY,PTYPUJ,23,19,1569949860000000000
MEXPTY,PTYPUJ,23,27,1569949860000000000
CLOPTY,PTYROS,22,22,1569960960000000000
ADZPTY,PTYROS,22,11,1569960960000000000
CTGPTY,PTYROS,22,18,1569960960000000000
CUNPTY,PTYROS,22,21,1569960960000000000
LASPTY,PTYROS,22,27,1569960960000000000
PUJPTY,PTYROS,22,12,1569960960000000000
BOGPTY,PTYROS,22,24,1569960960000000000
JFKPTY,PTYROS,22,22,1569960960000000000
SDQPTY,PTYROS,22,20,1569960960000000000
SNUPTY,PTYROS,22,16,1569960960000000000
IADPTY,PTYROS,22,21,1569960960000000000
HAVPTY,PTYROS,22,12,1569960960000000000
GUAPTY,PTYROS,22,14,1569960960000000000
MIAPTY,PTYROS,22,17,1569960960000000000
AUAPTY,PTYROS,22,16,1569960960000000000
CTGPTY,PTYROS,22,20,1569960960000000000
CUNPTY,PTYROS,22,18,1569960960000000000
SJUPTY,PTYROS,22,24,1569960960000000000
PEIPTY,PTYROS,22,29,1569960960000000000
MEXPTY,PTYROS,22,23,1569960960000000000
PUJPTY,PTYROS,22,10,1569960960000000000
HAVPTY,PTYROS,22,23,1569960960000000000
MDEPTY,PTYSAL,20,19,1569948300000000000
CLOPTY,PTYSAL,20,22,1569948300000000000
GRUPTY,PTYSAL,20,25,1569948300000000000
SDQPTY,PTYSAL,20,24,1569948300000000000
SFOPTY,PTYSAL,20,26,1569948300000000000
SJOPTY,PTYSAL,20,19,1569948300000000000
LASPTY,PTYSAL,20,27,1569948300000000000
RECPTY,PTYSAL,20,17,1569948300000000000
GIGPTY,PTYSAL,20,34,1569948300000000000
BOGPTY,PTYSAL,20,23,1569948300000000000
SJOPTY,PTYSAL,20,18,1569948300000000000
SDQPTY,PTYSAL,20,22,1569948300000000000
CUNPTY,PTYSAL,20,21,1569948300000000000
MDZPTY,PTYSAL,20,23,1569948300000000000
SCLPTY,PTYSAL,20,23,1569948300000000000
CCSPTY,PTYSAL,20,22,1569948300000000000
CORPTY,PTYSAL,20,26,1569948300000000000
SJUPTY,PTYSAL,20,24,1569948300000000000
JFKPTY,PTYSAL,20,17,1569948300000000000
MEXPTY,PTYSAL,20,27,1569948300000000000
LIMPTY,PTYSAP,15,26,1569948600000000000
MDEPTY,PTYSAP,15,23,1569948600000000000
GYEPTY,PTYSAP,15,18,1569948600000000000
CTGPTY,PTYSAP,15,18,1569948600000000000
BAQPTY,PTYSAP,15,13,1569948600000000000
CLOPTY,PTYSAP,15,28,1569948600000000000
LASPTY,PTYSAP,15,27,1569948600000000000
HAVPTY,PTYSAP,15,18,1569948600000000000
SJOPTY,PTYSAP,15,18,1569948600000000000
SDQPTY,PTYSAP,15,22,1569948600000000000
MTYPTY,PTYSAP,15,20,1569948600000000000
JFKPTY,PTYSAP,15,17,1569948600000000000
MVDPTY,PTYSAP,15,22,1569948600000000000
MSYPTY,PTYSAP,15,17,1569948600000000000
MEXPTY,PTYSAP,15,27,1569948600000000000
GYEPTY,PTYSCL,25,18,1569950640000000000
MDEPTY,PTYSCL,25,19,1569950640000000000
CLOPTY,PTYSCL,25,22,1569950640000000000
SFOPTY,PTYSCL,25,26,1569950640000000000
POSPTY,PTYSCL,25,20,1569950640000000000
CTGPTY,PTYSCL,25,18,1569950640000000000
BAQPTY,PTYSCL,25,13,1569950640000000000
CLOPTY,PTYSCL,25,28,1569950640000000000
LASPTY,PTYSCL,25,27,1569950640000000000
BOGPTY,PTYSCL,25,23,1569950640000000000
HAVPTY,PTYSCL,25,18,1569950640000000000
SJOPTY,PTYSCL,25,18,1569950640000000000
SDQPTY,PTYSCL,25,22,1569950640000000000
CUNPTY,PTYSCL,25,21,1569950640000000000
UIOPTY,PTYSCL,25,26,1569950640000000000
CCSPTY,PTYSCL,25,22,1569950640000000000
MIAPTY,PTYSCL,25,20,1569950640000000000
SJOPTY,PTYSCL,25,12,1569950640000000000
SJUPTY,PTYSCL,25,24,1569950640000000000
PEIPTY,PTYSCL,25,29,1569950640000000000
JFKPTY,PTYSCL,25,17,1569950640000000000
SALPTY,PTYSCL,25,17,1569950640000000000
MEXPTY,PTYSCL,25,27,1569950640000000000
GUAPTY,PTYSCL,25,19,1569950640000000000
MIAPTY,PTYSCL,25,14,1569950640000000000
SJOPTY,PTYSCL,29,20,1569962640000000000
ADZPTY,PTYSCL,29,11,1569962640000000000
BOGPTY,PTYSCL,29,18,1569962640000000000
MGAPTY,PTYSCL,29,14,1569962640000000000
CUNPTY,PTYSCL,29,21,1569962640000000000
PAPPTY,PTYSCL,29,12,1569962640000000000
PUJPTY,PTYSCL,29,12,1569962640000000000
BOGPTY,PTYSCL,29,24,1569962640000000000
JFKPTY,PTYSCL,29,22,1569962640000000000
SDQPTY,PTYSCL,29,20,1569962640000000000
SDQPTY,PTYSCL,29,22,1569962640000000000
SNUPTY,PTYSCL,29,16,1569962640000000000
CUNPTY,PTYSCL,29,21,1569962640000000000
TGUPTY,PTYSCL,29,14,1569962640000000000
MTYPTY,PTYSCL,29,20,1569962640000000000
CCSPTY,PTYSCL,29,22,1569962640000000000
CURPTY,PTYSCL,29,21,1569962640000000000
IADPTY,PTYSCL,29,21,1569962640000000000
HAVPTY,PTYSCL,29,12,1569962640000000000
YYZPTY,PTYSCL,29,25,1569962640000000000
MDEPTY,PTYSCL,29,19,1569962640000000000
CCSPTY,PTYSCL,29,19,1569962640000000000
CUNPTY,PTYSCL,29,18,1569962640000000000
PEIPTY,PTYSCL,29,29,1569962640000000000
ORDPTY,PTYSCL,29,27,1569962640000000000
BAQPTY,PTYSCL,29,14,1569962640000000000
PUJPTY,PTYSCL,29,10,1569962640000000000
HAVPTY,PTYSCL,29,23,1569962640000000000
YULPTY,PTYSCL,29,21,1569962640000000000
SJOPTY,PTYSCL,28,20,1569962940000000000
SJOPTY,PTYSCL,28,13,1569962940000000000
BAQPTY,PTYSCL,28,13,1569962940000000000
CUNPTY,PTYSCL,28,21,1569962940000000000
CLOPTY,PTYSCL,28,28,1569962940000000000
PAPPTY,PTYSCL,28,12,1569962940000000000
PUJPTY,PTYSCL,28,12,1569962940000000000
BOGPTY,PTYSCL,28,24,1569962940000000000
JFKPTY,PTYSCL,28,22,1569962940000000000
SDQPTY,PTYSCL,28,20,1569962940000000000
SNUPTY,PTYSCL,28,16,1569962940000000000
TGUPTY,PTYSCL,28,14,1569962940000000000
MCOPTY,PTYSCL,28,19,1569962940000000000
UIOPTY,PTYSCL,28,26,1569962940000000000
CCSPTY,PTYSCL,28,22,1569962940000000000
IADPTY,PTYSCL,28,21,1569962940000000000
HAVPTY,PTYSCL,28,12,1569962940000000000
MIAPTY,PTYSCL,28,17,1569962940000000000
MIAPTY,PTYSCL,28,20,1569962940000000000
YYZPTY,PTYSCL,28,25,1569962940000000000
MDEPTY,PTYSCL,28,19,1569962940000000000
AUAPTY,PTYSCL,28,16,1569962940000000000
CCSPTY,PTYSCL,28,19,1569962940000000000
CUNPTY,PTYSCL,28,18,1569962940000000000
PEIPTY,PTYSCL,28,29,1569962940000000000
MEXPTY,PTYSCL,28,23,1569962940000000000
HAVPTY,PTYSCL,28,23,1569962940000000000
MIAPTY,PTYSCL,28,14,1569962940000000000
HAVPTY,PTYSCL,16,8,1569973500000000000
PUJPTY,PTYSCL,16,10,1569973500000000000
SALPTY,PTYSCL,16,12,1569973500000000000
GYEPTY,PTYSCL,16,9,1569973500000000000
SJOPTY,PTYSCL,16,13,1569973500000000000
MARPTY,PTYSCL,16,4,1569973500000000000
MIAPTY,PTYSCL,16,7,1569973500000000000
PAPPTY,PTYSCL,16,12,1569973500000000000
PUJPTY,PTYSCL,16,12,1569973500000000000
VLNPTY,PTYSCL,16,6,1569973500000000000
SJOPTY,PTYSCL,16,11,1569973500000000000
SDQPTY,PTYSCL,16,11,1569973500000000000
MEXPTY,PTYSCL,16,8,1569973500000000000
MCOPTY,PTYSCL,16,8,1569973500000000000
CUNPTY,PTYSCL,16,8,1569973500000000000
HAVPTY,PTYSCL,16,23,1569973500000000000
SJOPTY,PTYSDQ,15,16,1569933720000000000
BSBPTY,PTYSDQ,15,25,1569933720000000000
GIGPTY,PTYSDQ,15,34,1569933720000000000
ROSPTY,PTYSDQ,15,22,1569933720000000000
LIMPTY,PTYSDQ,15,23,1569933720000000000
VVIPTY,PTYSDQ,15,23,1569933720000000000
MDZPTY,PTYSDQ,15,23,1569933720000000000
SCLPTY,PTYSDQ,15,21,1569933720000000000
EZEPTY,PTYSDQ,15,31,1569933720000000000
CORPTY,PTYSDQ,15,26,1569933720000000000
GRUPTY,PTYSDQ,15,24,1569933720000000000
MDEPTY,PTYSDQ,15,22,1569933720000000000
PEIPTY,PTYSDQ,15,29,1569933720000000000
POAPTY,PTYSDQ,15,24,1569933720000000000
SCLPTY,PTYSDQ,15,19,1569933720000000000
MDEPTY,PTYSDQ,18,19,1569951780000000000
CLOPTY,PTYSDQ,18,22,1569951780000000000
GRUPTY,PTYSDQ,18,25,1569951780000000000
LASPTY,PTYSDQ,18,27,1569951780000000000
EZEPTY,PTYSDQ,18,22,1569951780000000000
HAVPTY,PTYSDQ,18,18,1569951780000000000
SJOPTY,PTYSDQ,18,18,1569951780000000000
MDZPTY,PTYSDQ,18,23,1569951780000000000
MTYPTY,PTYSDQ,18,20,1569951780000000000
SCLPTY,PTYSDQ,18,23,1569951780000000000
CORPTY,PTYSDQ,18,26,1569951780000000000
MDEPTY,PTYSDQ,18,22,1569951780000000000
GDLPTY,PTYSDQ,18,18,1569951780000000000
UIOPTY,PTYSDQ,18,21,1569951780000000000
POAPTY,PTYSDQ,18,24,1569951780000000000
SALPTY,PTYSDQ,18,17,1569951780000000000
GUAPTY,PTYSDQ,18,19,1569951780000000000
SCLPTY,PTYSDQ,18,19,1569951780000000000
SJOPTY,PTYSDQ,27,20,1569963120000000000
GRUPTY,PTYSDQ,27,25,1569963120000000000
SFOPTY,PTYSDQ,27,26,1569963120000000000
SJOPTY,PTYSDQ,27,13,1569963120000000000
MGAPTY,PTYSDQ,27,14,1569963120000000000
MBJPTY,PTYSDQ,27,15,1569963120000000000
LASPTY,PTYSDQ,27,27,1569963120000000000
BOGPTY,PTYSDQ,27,24,1569963120000000000
EZEPTY,PTYSDQ,27,22,1569963120000000000
BOSPTY,PTYSDQ,27,25,1569963120000000000
SNUPTY,PTYSDQ,27,16,1569963120000000000
TGUPTY,PTYSDQ,27,14,1569963120000000000
UIOPTY,PTYSDQ,27,26,1569963120000000000
CURPTY,PTYSDQ,27,21,1569963120000000000
HAVPTY,PTYSDQ,27,6,1569963120000000000
GUAPTY,PTYSDQ,27,14,1569963120000000000
MDEPTY,PTYSDQ,27,19,1569963120000000000
AUAPTY,PTYSDQ,27,16,1569963120000000000
CUNPTY,PTYSDQ,27,18,1569963120000000000
MEXPTY,PTYSDQ,27,23,1569963120000000000
ORDPTY,PTYSDQ,27,27,1569963120000000000
BAQPTY,PTYSDQ,27,14,1569963120000000000
SALPTY,PTYSDQ,27,17,1569963120000000000
MEXPTY,PTYSDQ,27,27,1569963120000000000
GUAPTY,PTYSDQ,27,19,1569963120000000000
HAVPTY,PTYSDQ,27,23,1569963120000000000
SCLPTY,PTYSDQ,27,19,1569963120000000000
LIMPTY,PTYSFO,33,26,1569972780000000000
MDEPTY,PTYSFO,33,13,1569972780000000000
SALPTY,PTYSFO,33,12,1569972780000000000
GUAPTY,PTYSFO,33,9,1569972780000000000
DAVPTY,PTYSFO,33,12,1569972780000000000
SJOPTY,PTYSFO,33,13,1569972780000000000
BOGPTY,PTYSFO,33,13,1569972780000000000
MGAPTY,PTYSFO,33,14,1569972780000000000
UIOPTY,PTYSFO,33,15,1569972780000000000
RECPTY,PTYSFO,33,17,1569972780000000000
CLOPTY,PTYSFO,33,13,1569972780000000000
BOGPTY,PTYSFO,33,24,1569972780000000000
LIMPTY,PTYSFO,33,23,1569972780000000000
LIMPTY,PTYSFO,33,11,1569972780000000000
EZEPTY,PTYSFO,33,13,1569972780000000000
MGAPTY,PTYSFO,33,11,1569972780000000000
SDQPTY,PTYSFO,33,22,1569972780000000000
SJOPTY,PTYSFO,33,11,1569972780000000000
SCLPTY,PTYSFO,33,21,1569972780000000000
GYEPTY,PTYSFO,33,10,1569972780000000000
GIGPTY,PTYSFO,33,16,1569972780000000000
CURPTY,PTYSFO,33,21,1569972780000000000
MVDPTY,PTYSFO,33,11,1569972780000000000
ASUPTY,PTYSFO,33,21,1569972780000000000
GRUPTY,PTYSFO,33,15,1569972780000000000
SAPPTY,PTYSFO,33,13,1569972780000000000
MDEPTY,PTYSFO,33,19,1569972780000000000
CTGPTY,PTYSFO,33,20,1569972780000000000
PEIPTY,PTYSFO,33,29,1569972780000000000
VVIPTY,PTYSFO,33,12,1569972780000000000
LIMPTY,PTYSFO,33,26,1569972780000000000
MVDPTY,PTYSFO,33,22,1569972780000000000
HAVPTY,PTYSFO,33,23,1569972780000000000
GYEPTY,PTYSJO,14,18,1569934440000000000
BSBPTY,PTYSJO,14,25,1569934440000000000
CNFPTY,PTYSJO,14,21,1569934440000000000
CLOPTY,PTYSJO,14,28,1569934440000000000
ROSPTY,PTYSJO,14,22,1569934440000000000
MDZPTY,PTYSJO,14,23,1569934440000000000
SCLPTY,PTYSJO,14,21,1569934440000000000
EZEPTY,PTYSJO,14,31,1569934440000000000
GRUPTY,PTYSJO,14,24,1569934440000000000
MDEPTY,PTYSJO,14,22,1569934440000000000
PEIPTY,PTYSJO,14,29,1569934440000000000
UIOPTY,PTYSJO,14,21,1569934440000000000
JFKPTY,PTYSJO,14,17,1569934440000000000
MVDPTY,PTYSJO,14,22,1569934440000000000
SDQPTY,PTYSJO,8,24,1569937680000000000
POSPTY,PTYSJO,8,20,1569937680000000000
ROSPTY,PTYSJO,8,22,1569937680000000000
UIOPTY,PTYSJO,8,26,1569937680000000000
SJUPTY,PTYSJO,8,24,1569937680000000000
LIMPTY,PTYSJO,8,26,1569937680000000000
LIMPTY,PTYSJO,8,22,1569937680000000000
GRUPTY,PTYSJO,8,27,1569937680000000000
LIMPTY,PTYSJO,21,26,1569947040000000000
MDEPTY,PTYSJO,21,19,1569947040000000000
CLOPTY,PTYSJO,21,22,1569947040000000000
GRUPTY,PTYSJO,21,25,1569947040000000000
SDQPTY,PTYSJO,21,24,1569947040000000000
SFOPTY,PTYSJO,21,26,1569947040000000000
CTGPTY,PTYSJO,21,18,1569947040000000000
LASPTY,PTYSJO,21,27,1569947040000000000
GIGPTY,PTYSJO,21,34,1569947040000000000
BOGPTY,PTYSJO,21,23,1569947040000000000
EZEPTY,PTYSJO,21,22,1569947040000000000
HAVPTY,PTYSJO,21,18,1569947040000000000
SDQPTY,PTYSJO,21,22,1569947040000000000
CUNPTY,PTYSJO,21,21,1569947040000000000
SCLPTY,PTYSJO,21,21,1569947040000000000
SCLPTY,PTYSJO,21,23,1569947040000000000
HAVPTY,PTYSJO,21,6,1569947040000000000
GDLPTY,PTYSJO,21,18,1569947040000000000
SJUPTY,PTYSJO,21,24,1569947040000000000
MSYPTY,PTYSJO,21,17,1569947040000000000
SALPTY,PTYSJO,21,17,1569947040000000000
ADZPTY,PTYSJO,23,11,1569962040000000000
DAVPTY,PTYSJO,23,12,1569962040000000000
MBJPTY,PTYSJO,23,15,1569962040000000000
CUNPTY,PTYSJO,23,21,1569962040000000000
LASPTY,PTYSJO,23,27,1569962040000000000
BOGPTY,PTYSJO,23,24,1569962040000000000
SDQPTY,PTYSJO,23,20,1569962040000000000
HAVPTY,PTYSJO,23,18,1569962040000000000
BOSPTY,PTYSJO,23,25,1569962040000000000
SNUPTY,PTYSJO,23,16,1569962040000000000
MCOPTY,PTYSJO,23,19,1569962040000000000
CURPTY,PTYSJO,23,21,1569962040000000000
IADPTY,PTYSJO,23,21,1569962040000000000
YYZPTY,PTYSJO,23,25,1569962040000000000
MDEPTY,PTYSJO,23,19,1569962040000000000
AUAPTY,PTYSJO,23,16,1569962040000000000
MEXPTY,PTYSJO,23,23,1569962040000000000
ORDPTY,PTYSJO,23,27,1569962040000000000
BAQPTY,PTYSJO,23,14,1569962040000000000
MSYPTY,PTYSJO,23,17,1569962040000000000
HAVPTY,PTYSJO,23,23,1569962040000000000
YULPTY,PTYSJO,23,21,1569962040000000000
ASUPTY,PTYSJO,23,14,1569962040000000000
ADZPTY,PTYSJO,16,11,1569964020000000000
MBJPTY,PTYSJO,16,15,1569964020000000000
LASPTY,PTYSJO,16,27,1569964020000000000
BOGPTY,PTYSJO,16,24,1569964020000000000
JFKPTY,PTYSJO,16,22,1569964020000000000
SDQPTY,PTYSJO,16,20,1569964020000000000
BOSPTY,PTYSJO,16,25,1569964020000000000
SNUPTY,PTYSJO,16,16,1569964020000000000
MCOPTY,PTYSJO,16,19,1569964020000000000
MTYPTY,PTYSJO,16,20,1569964020000000000
IADPTY,PTYSJO,16,21,1569964020000000000
MDEPTY,PTYSJO,16,19,1569964020000000000
CCSPTY,PTYSJO,16,19,1569964020000000000
CTGPTY,PTYSJO,16,20,1569964020000000000
ORDPTY,PTYSJO,16,27,1569964020000000000
BAQPTY,PTYSJO,16,14,1569964020000000000
LIMPTY,PTYSJO,30,26,1569972960000000000
HAVPTY,PTYSJO,30,8,1569972960000000000
MDEPTY,PTYSJO,30,13,1569972960000000000
SCLPTY,PTYSJO,30,12,1569972960000000000
PUJPTY,PTYSJO,30,10,1569972960000000000
ADZPTY,PTYSJO,30,11,1569972960000000000
SALPTY,PTYSJO,30,12,1569972960000000000
BOGPTY,PTYSJO,30,13,1569972960000000000
MARPTY,PTYSJO,30,4,1569972960000000000
MBJPTY,PTYSJO,30,15,1569972960000000000
UIOPTY,PTYSJO,30,15,1569972960000000000
CLOPTY,PTYSJO,30,13,1569972960000000000
BOGPTY,PTYSJO,30,24,1569972960000000000
EZEPTY,PTYSJO,30,13,1569972960000000000
CUNPTY,PTYSJO,30,7,1569972960000000000
MGAPTY,PTYSJO,30,11,1569972960000000000
BOSPTY,PTYSJO,30,25,1569972960000000000
BZEPTY,PTYSJO,30,5,1569972960000000000
VLNPTY,PTYSJO,30,6,1569972960000000000
SDQPTY,PTYSJO,30,11,1569972960000000000
MEXPTY,PTYSJO,30,8,1569972960000000000
GIGPTY,PTYSJO,30,16,1569972960000000000
MVDPTY,PTYSJO,30,11,1569972960000000000
GRUPTY,PTYSJO,30,15,1569972960000000000
SAPPTY,PTYSJO,30,13,1569972960000000000
CCSPTY,PTYSJO,30,19,1569972960000000000
MCOPTY,PTYSJO,30,8,1569972960000000000
VVIPTY,PTYSJO,30,12,1569972960000000000
TPAPTY,PTYSJO,30,7,1569972960000000000
CUNPTY,PTYSJO,30,8,1569972960000000000
LIMPTY,PTYSJU,12,26,1569950580000000000
MDEPTY,PTYSJU,12,23,1569950580000000000
MDEPTY,PTYSJU,12,19,1569950580000000000
POSPTY,PTYSJU,12,20,1569950580000000000
SJOPTY,PTYSJU,12,18,1569950580000000000
CUNPTY,PTYSJU,12,21,1569950580000000000
SCLPTY,PTYSJU,12,23,1569950580000000000
SJOPTY,PTYSJU,12,12,1569950580000000000
LIMPTY,PTYSJU,12,26,1569950580000000000
SALPTY,PTYSJU,12,17,1569950580000000000
MEXPTY,PTYSJU,12,27,1569950580000000000
GUAPTY,PTYSJU,12,19,1569950580000000000
SJOPTY,PTYSNU,13,16,1569936600000000000
SDQPTY,PTYSNU,13,24,1569936600000000000
CLOPTY,PTYSNU,13,28,1569936600000000000
ROSPTY,PTYSNU,13,22,1569936600000000000
MDZPTY,PTYSNU,13,23,1569936600000000000
SCLPTY,PTYSNU,13,21,1569936600000000000
EZEPTY,PTYSNU,13,31,1569936600000000000
CORPTY,PTYSNU,13,26,1569936600000000000
GRUPTY,PTYSNU,13,24,1569936600000000000
UIOPTY,PTYSNU,13,21,1569936600000000000
MVDPTY,PTYSNU,13,22,1569936600000000000
SCLPTY,PTYSNU,13,19,1569936600000000000
SCLPTY,PTYSNU,13,19,1569936600000000000
LIMPTY,PTYSSA,22,26,1569960420000000000
SJOPTY,PTYSSA,22,20,1569960420000000000
CLOPTY,PTYSSA,22,22,1569960420000000000
SFOPTY,PTYSSA,22,26,1569960420000000000
POSPTY,PTYSSA,22,20,1569960420000000000
CTGPTY,PTYSSA,22,18,1569960420000000000
BOGPTY,PTYSSA,22,23,1569960420000000000
BOGPTY,PTYSSA,22,24,1569960420000000000
JFKPTY,PTYSSA,22,22,1569960420000000000
HAVPTY,PTYSSA,22,18,1569960420000000000
MTYPTY,PTYSSA,22,20,1569960420000000000
IADPTY,PTYSSA,22,21,1569960420000000000
HAVPTY,PTYSSA,22,12,1569960420000000000
GUAPTY,PTYSSA,22,14,1569960420000000000
MIAPTY,PTYSSA,22,17,1569960420000000000
YYZPTY,PTYSSA,22,25,1569960420000000000
JFKPTY,PTYSSA,22,17,1569960420000000000
MEXPTY,PTYSSA,22,23,1569960420000000000
ORDPTY,PTYSSA,22,27,1569960420000000000
MSYPTY,PTYSSA,22,17,1569960420000000000
YULPTY,PTYSSA,22,21,1569960420000000000
MIAPTY,PTYSSA,22,14,1569960420000000000
MDEPTY,PTYTGU,12,23,1569946860000000000
SDQPTY,PTYTGU,12,24,1569946860000000000
CLOPTY,PTYTGU,12,28,1569946860000000000
RECPTY,PTYTGU,12,17,1569946860000000000
EZEPTY,PTYTGU,12,22,1569946860000000000
SDQPTY,PTYTGU,12,22,1569946860000000000
EZEPTY,PTYTGU,12,31,1569946860000000000
GRUPTY,PTYTGU,12,24,1569946860000000000
SJUPTY,PTYTGU,12,24,1569946860000000000
JFKPTY,PTYTGU,12,17,1569946860000000000
MSYPTY,PTYTGU,12,17,1569946860000000000
MIAPTY,PTYTGU,12,14,1569946860000000000
GYEPTY,PTYTPA,16,18,1569939120000000000
MDEPTY,PTYTPA,16,23,1569939120000000000
SJOPTY,PTYTPA,16,16,1569939120000000000
BOGPTY,PTYTPA,16,18,1569939120000000000
SJOPTY,PTYTPA,16,19,1569939120000000000
CLOPTY,PTYTPA,16,28,1569939120000000000
RECPTY,PTYTPA,16,17,1569939120000000000
VVIPTY,PTYTPA,16,23,1569939120000000000
UIOPTY,PTYTPA,16,26,1569939120000000000
EZEPTY,PTYTPA,16,31,1569939120000000000
ASUPTY,PTYTPA,16,21,1569939120000000000
MDEPTY,PTYTPA,16,22,1569939120000000000
PEIPTY,PTYTPA,16,29,1569939120000000000
UIOPTY,PTYTPA,16,21,1569939120000000000
LIMPTY,PTYTPA,16,26,1569939120000000000
LIMPTY,PTYTPA,16,22,1569939120000000000
MDEPTY,PTYUIO,15,23,1569940560000000000
SDQPTY,PTYUIO,15,24,1569940560000000000
SJOPTY,PTYUIO,15,19,1569940560000000000
HAVPTY,PTYUIO,15,9,1569940560000000000
VVIPTY,PTYUIO,15,23,1569940560000000000
CCSPTY,PTYUIO,15,22,1569940560000000000
EZEPTY,PTYUIO,15,31,1569940560000000000
CORPTY,PTYUIO,15,26,1569940560000000000
ASUPTY,PTYUIO,15,21,1569940560000000000
MIAPTY,PTYUIO,15,20,1569940560000000000
PEIPTY,PTYUIO,15,29,1569940560000000000
JFKPTY,PTYUIO,15,17,1569940560000000000
LIMPTY,PTYUIO,15,26,1569940560000000000
POAPTY,PTYUIO,15,24,1569940560000000000
GRUPTY,PTYUIO,15,27,1569940560000000000
SJOPTY,PTYUIO,24,20,1569961980000000000
GRUPTY,PTYUIO,24,25,1569961980000000000
SFOPTY,PTYUIO,24,26,1569961980000000000
MGAPTY,PTYUIO,24,14,1569961980000000000
CUNPTY,PTYUIO,24,21,1569961980000000000
LASPTY,PTYUIO,24,27,1569961980000000000
PAPPTY,PTYUIO,24,12,1569961980000000000
SDQPTY,PTYUIO,24,20,1569961980000000000
EZEPTY,PTYUIO,24,22,1569961980000000000
BOSPTY,PTYUIO,24,25,1569961980000000000
SNUPTY,PTYUIO,24,16,1569961980000000000
MTYPTY,PTYUIO,24,20,1569961980000000000
IADPTY,PTYUIO,24,21,1569961980000000000
HAVPTY,PTYUIO,24,12,1569961980000000000
GUAPTY,PTYUIO,24,14,1569961980000000000
YYZPTY,PTYUIO,24,25,1569961980000000000
GDLPTY,PTYUIO,24,18,1569961980000000000
CCSPTY,PTYUIO,24,19,1569961980000000000
CUNPTY,PTYUIO,24,18,1569961980000000000
MEXPTY,PTYUIO,24,23,1569961980000000000
ORDPTY,PTYUIO,24,27,1569961980000000000
HAVPTY,PTYUIO,24,23,1569961980000000000
YULPTY,PTYUIO,24,21,1569961980000000000
ASUPTY,PTYUIO,24,14,1569961980000000000
MDEPTY,PTYUIO,18,19,1569973980000000000
HAVPTY,PTYUIO,18,8,1569973980000000000
GUAPTY,PTYUIO,18,9,1569973980000000000
SJOPTY,PTYUIO,18,13,1569973980000000000
MIAPTY,PTYUIO,18,7,1569973980000000000
LASPTY,PTYUIO,18,27,1569973980000000000
SDQPTY,PTYUIO,18,20,1569973980000000000
LIMPTY,PTYUIO,18,11,1569973980000000000
EZEPTY,PTYUIO,18,13,1569973980000000000
CUNPTY,PTYUIO,18,7,1569973980000000000
BOSPTY,PTYUIO,18,25,1569973980000000000
SDQPTY,PTYUIO,18,11,1569973980000000000
MEXPTY,PTYUIO,18,8,1569973980000000000
GIGPTY,PTYUIO,18,16,1569973980000000000
MVDPTY,PTYUIO,18,11,1569973980000000000
SAPPTY,PTYUIO,18,13,1569973980000000000
VVIPTY,PTYUIO,18,12,1569973980000000000
TPAPTY,PTYUIO,18,7,1569973980000000000
LIMPTY,PTYVLN,8,26,1569947580000000000
GYEPTY,PTYVLN,8,18,1569947580000000000
SJOPTY,PTYVLN,8,19,1569947580000000000
BOGPTY,PTYVLN,8,23,1569947580000000000
SJOPTY,PTYVLN,8,18,1569947580000000000
SDQPTY,PTYVLN,8,22,1569947580000000000
SCLPTY,PTYVLN,8,23,1569947580000000000
MEXPTY,PTYVLN,8,27,1569947580000000000
SFOPTY,PTYVVI,18,26,1569962160000000000
MGAPTY,PTYVVI,18,14,1569962160000000000
PUJPTY,PTYVVI,18,12,1569962160000000000
BOGPTY,PTYVVI,18,24,1569962160000000000
JFKPTY,PTYVVI,18,22,1569962160000000000
SNUPTY,PTYVVI,18,16,1569962160000000000
CUNPTY,PTYVVI,18,21,1569962160000000000
MCOPTY,PTYVVI,18,19,1569962160000000000
MTYPTY,PTYVVI,18,20,1569962160000000000
IADPTY,PTYVVI,18,21,1569962160000000000
HAVPTY,PTYVVI,18,12,1569962160000000000
MIAPTY,PTYVVI,18,17,1569962160000000000
MDEPTY,PTYVVI,18,19,1569962160000000000
MEXPTY,PTYVVI,18,23,1569962160000000000
ORDPTY,PTYVVI,18,27,1569962160000000000
PUJPTY,PTYVVI,18,10,1569962160000000000
HAVPTY,PTYVVI,18,23,1569962160000000000
MIAPTY,PTYVVI,18,14,1569962160000000000
SCLPTY,PTYYUL,32,12,1569971280000000000
GRUPTY,PTYYUL,32,25,1569971280000000000
SALPTY,PTYYUL,32,12,1569971280000000000
GUAPTY,PTYYUL,32,9,1569971280000000000
SJOPTY,PTYYUL,32,13,1569971280000000000
GYEPTY,PTYYUL,32,9,1569971280000000000
SJOPTY,PTYYUL,32,13,1569971280000000000
CNFPTY,PTYYUL,32,21,1569971280000000000
BOGPTY,PTYYUL,32,13,1569971280000000000
MGAPTY,PTYYUL,32,14,1569971280000000000
UIOPTY,PTYYUL,32,15,1569971280000000000
CLOPTY,PTYYUL,32,13,1569971280000000000
ROSPTY,PTYYUL,32,22,1569971280000000000
BOGPTY,PTYYUL,32,23,1569971280000000000
EZEPTY,PTYYUL,32,13,1569971280000000000
MGAPTY,PTYYUL,32,11,1569971280000000000
SJOPTY,PTYYUL,32,11,1569971280000000000
SDQPTY,PTYYUL,32,11,1569971280000000000
GYEPTY,PTYYUL,32,10,1569971280000000000
GIGPTY,PTYYUL,32,16,1569971280000000000
CURPTY,PTYYUL,32,21,1569971280000000000
MVDPTY,PTYYUL,32,11,1569971280000000000
GRUPTY,PTYYUL,32,24,1569971280000000000
GRUPTY,PTYYUL,32,15,1569971280000000000
SAPPTY,PTYYUL,32,13,1569971280000000000
MDEPTY,PTYYUL,32,19,1569971280000000000
CCSPTY,PTYYUL,32,19,1569971280000000000
PEIPTY,PTYYUL,32,29,1569971280000000000
VVIPTY,PTYYUL,32,12,1569971280000000000
BAQPTY,PTYYUL,32,14,1569971280000000000
POAPTY,PTYYUL,32,24,1569971280000000000
GRUPTY,PTYYUL,32,27,1569971280000000000
MDEPTY,PTYYYZ,28,13,1569971760000000000
SCLPTY,PTYYYZ,28,12,1569971760000000000
CLOPTY,PTYYYZ,28,22,1569971760000000000
GRUPTY,PTYYYZ,28,25,1569971760000000000
DAVPTY,PTYYYZ,28,12,1569971760000000000
GYEPTY,PTYYYZ,28,9,1569971760000000000
CNFPTY,PTYYYZ,28,21,1569971760000000000
BOGPTY,PTYYYZ,28,13,1569971760000000000
UIOPTY,PTYYYZ,28,15,1569971760000000000
RECPTY,PTYYYZ,28,17,1569971760000000000
CLOPTY,PTYYYZ,28,13,1569971760000000000
BOGPTY,PTYYYZ,28,23,1569971760000000000
BZEPTY,PTYYYZ,28,5,1569971760000000000
VLNPTY,PTYYYZ,28,6,1569971760000000000
MDZPTY,PTYYYZ,28,23,1569971760000000000
SDQPTY,PTYYYZ,28,11,1569971760000000000
GYEPTY,PTYYYZ,28,10,1569971760000000000
SCLPTY,PTYYYZ,28,23,1569971760000000000
GIGPTY,PTYYYZ,28,16,1569971760000000000
CURPTY,PTYYYZ,28,21,1569971760000000000
MVDPTY,PTYYYZ,28,11,1569971760000000000
GRUPTY,PTYYYZ,28,24,1569971760000000000
GRUPTY,PTYYYZ,28,15,1569971760000000000
MDEPTY,PTYYYZ,28,19,1569971760000000000
CCSPTY,PTYYYZ,28,19,1569971760000000000
VVIPTY,PTYYYZ,28,12,1569971760000000000
POAPTY,PTYYYZ,28,24,1569971760000000000
GRUPTY,PTYYYZ,28,27,1569971760000000000
